Airplane,Automobile,Bird,Cat,Deer,Dog,Frog,Horse,Ship,Truck,Feesh,Flawers,Tree
airplane,car,bird,feline,ruminant,canine,frog,horse,boat,truck,,,
aeroplane,auto,dickeybird,felid,pronghorn,canid,toad,Equus caballus,ark,motortruck,,,
plane,automobile,dickeybird,big cat,prongbuck,wild dog,toad frog,racehorse,barge,dump truck,,,
airliner,machine,dickybird,cat,pronghorn antelope,raccoon dog,anuran,race horse,flatboat,dumper,,,
airbus,motorcar,dickybird,liger,American antelope,Nyctereutes procyonides,batrachian,bangtail,hoy,tipper truck,,,
narrowbody aircraft,ambulance,cock,jaguar,Antilocapra americana,dhole,salientian,twoyearold horse,lighter,tipper lorry,,,
narrowbody aircraft,funny wagon,gamecock,panther,bovid,Cuon alpinus,true frog,two year old,dredger,tip truck,,,
narrowbody,beach wagon,fighting cock,Panthera onca,goat antelope,dingo,ranid,nonstarter,houseboat,tipper,,,
widebody aircraft,station wagon,hen,Felis onca,musk ox,warrigal,woodfrog,dark horse,pontoon,fire engine,,,
widebody aircraft,wagon,nester,sabertoothed tiger,musk sheep,warragal,wood frog,thoroughbred,scow,fire truck,,,
widebody,estate car,night bird,sabertooth,Ovibos moschatus,Canis dingo,Rana sylvatica,pony,wherry,ladder truck,,,
twinaisle airplane,beach waggon,night raven,Smiledon californicus,sheep,crabeating dog,leopard frog,threeyearold horse,Norfolk wherry,aerial ladder truck,,,
amphibian,station waggon,bird of passage,false sabertoothed tiger,antelope,crabeating fox,spring frog,three year old,bumboat,garbage truck,,,
amphibious aircraft,waggon,protoavis,tiger,wild sheep,Dusicyon cancrivorus,Rana pipiens,pacer,canal boat,dustcart,,,
biplane,shooting brake,archaeopteryx,Panthera tigris,goat,African hunting dog,bullfrog,pacemaker,narrow boat,lorry,,,
bomber,bus,archeopteryx,tigress,caprine animal,hyena dog,Rana catesbeiana,pacesetter,narrowboat,camion,,,
stealth bomber,jalopy,Archaeopteryx lithographica,Bengal tiger,bison,Cape hunting dog,green frog,yearling,ferry,pickup,,,
dive bomber,heap,Sinornis,tiger cub,Old World buffalo,Lycaon pictus,spring frog,mudder,ferryboat,pickup truck,,,
delta wing,cab,Iberomesornis,leopard,buffalo,hyena,Rana clamitans,trotting horse,carferry,technical,,,
fighter,hack,archaeornis,Panthera pardus,bovine,hyaena,cascades frog,trotter,fireboat,sound truck,,,
fighter aircraft,taxi,ratite,leopardess,forest goat,striped hyena,Rana cascadae,pole horse,gondola,tow truck,,,
attack aircraft,taxicab,ratite bird,panther,spindle horn,Hyaena hyaena,goliath frog,eohippus,guard boat,tow car,,,
interceptor,gypsy cab,flightless bird,snow leopard,Pseudoryx nghetinhensis,spotted hyena,Rana goliath,dawn horse,gunboat,wrecker,,,
kamikaze,minicab,ostrich,ounce,deer,laughing hyena,pickerel frog,sorrel,junk,tractor,,,
stealth fighter,compact,Struthio camelus,Panthera uncia,cervid,Crocuta crocuta,Rana palustris,stalkinghorse,longboat,trailer truck,,,
hangar queen,compact car,cassowary,lion,Japanese deer,aardwolf,tarahumara frog,protohippus,lugger,tractor trailer,,,
jet,convertible,emu,king of beasts,sika,Proteles cristata,Rana tarahumarae,pinto,mackinaw,trucking rig,,,
jet plane,coupe,Dromaius novaehollandiae,Panthera leo,Cervus nipon,brown hyena,grass frog,hack,Mackinaw boat,rig,,,
jetpropelled plane,cruiser,Emu novaehollandiae,lioness,Cervus sika,strand wolf,Rana temporaria,jade,mailboat,articulated lorry,,,
fanjet,police cruiser,kiwi,lionet,fawn,Hyaena brunnea,leptodactylid frog,nag,mail boat,semi,,,
fanjet,patrol car,apteryx,lion cub,musk deer,bitch,leptodactylid,plug,packet,tandem trailer,,,
turbofan,police car,rhea,tiglon,Moschus moschiferus,brood bitch,robber frog,pony,packet boat,transporter,,,
turbojet,prowl car,Rhea americana,tigon,mule deer,jackal,barking frog,cayuse,motorboat,car transporter,,,
jetliner,squad car,rhea,cheetah,burro deer,Canis aureus,robber frog,Indian pony,powerboat,van,,,
jumbojet,panda car,nandu,chetah,Odocoileus hemionus,fox,Hylactophryne augusti,mustang,cabin cruiser,bookmobile,,,
jumbo jet,electric,Pterocnemia pennata,Acinonyx jubatus,pere david's deer,kit fox,crapaud,bronco,cruiser,delivery truck,,,
twinjet,electric automobile,elephant bird,cat,elaphure,Vulpes macrotis,South American bullfrog,bronc,pleasure boat,delivery van,,,
monoplane,electric car,aepyornis,true cat,Elaphurus davidianus,red fox,Leptodactylus pentadactylus,broncho,pleasure craft,panel truck,,,
multiengine airplane,gas guzzler,moa,domestic cat,brocket,Vulpes fulva,tree frog,wild horse,launch,laundry truck,,,
multiengine plane,hardtop,anomalopteryx,house cat,red deer,red fox,treefrog,Przewalski's horse,outboard motorboat,milk float,,,
propeller plane,hatchback,Anomalopteryx oweni,Felis domesticus,elk,Vulpes vulpes,tailed frog,Przevalski's horse,outboard,moving van,,,
doubleprop,horseless carriage,giant moa,Felis catus,American elk,black fox,bell toad,Equus caballus przewalskii,speedboat,pantechnicon,,,
doublepropeller plane,hot rod,Dinornis giganteus,Egyptian cat,wapiti,silver fox,ribbed toad,Equus caballus przevalskii,hydrofoil,passenger van,,,
twinprop,hotrod,carinate,Persian cat,Cervus elaphus,grey fox,tailed toad,tarpan,hydroplane,minivan,,,
twinpropellerplane,jeep,carinate bird,kitty,Virginia deer,gray fox,Ascaphus trui,Equus caballus gomelini,water scooter,police van,,,
propjet,landrover,flying bird,kittycat,white tail,Urocyon cinereoargenteus,Liopelma hamiltoni,warrigal,sea scooter,police wagon,,,
turboprop,limousine,passerine,puss,whitetail,vixen,true toad,warragal,scooter,paddy wagon,,,
turbopropeller plane,limo,passeriform bird,pussy,whitetailed deer,Arctic fox,bufo,workhorse,pilot boat,patrol wagon,,,
single prop,berlin,oscine,pussycat,whitetail deer,white fox,agua,draft horse,police boat,wagon,,,
singlepropeller plane,loaner,oscine bird,tiger cat,Odocoileus Virginianus,Alopex lagopus,agua toad,draught horse,punt,black Maria,,,
reconnaissance plane,minicar,songbird,Angora,fallow deer,blue fox,Bufo marinus,dray horse,river boat,,,,
seaplane,minicab,songster,Angora cat,Dama dama,kit fox,European toad,carthorse,keelboat,,,,
hydroplane,minivan,honey eater,tom,caribou,prairie fox,Bufo bufo,cart horse,showboat,,,,
floatplane,Model T,honeysucker,tomcat,reindeer,Vulpes velox,natterjack,drayhorse,scow,,,,
pontoon plane,pace car,accentor,Siamese cat,Greenland caribou,Reynard,Bufo calamita,wheel horse,sea boat,,,,
flying boat,racer,hedge sparrow,Siamese,Rangifer tarandus,wolf,American toad,wheeler,whaleboat,,,,
skiplane,race car,sparrow,Manx,sambar,red wolf,Bufo americanus,pole horse,lifeboat,,,,
tanker plane,racing car,dunnock,Manx cat,sambur,maned wolf,Eurasian green toad,poler,small boat,,,,
,stock car,Prunella modularis,Maltese,Cervus unicolor,Canis rufus,Bufo viridis,shire,canoe,,,,
,finisher,lark,Maltese cat,pricket,Canis niger,American green toad,shire horse,birchbark canoe,,,,
,roadster,skylark,tabby,elk,coyote,Bufo debilis,coach horse,birchbark,,,,
,runabout,Alauda arvensis,queen,European elk,prairie wolf,Yosemite toad,Clydesdale,birch bark,,,,
,twoseater,wagtail,Burmese cat,moose,brush wolf,Bufo canorus,Percheron,dugout canoe,,,,
,sedan,pipit,alley cat,Alces alces,Canis latrans,Texas toad,packhorse,dugout,,,,
,saloon,titlark,Abyssinian,wapiti,coydog,Bufo speciosus,plow horse,pirogue,,,,
,brougham,lark,Abyssinian cat,elk,white wolf,southwestern toad,plough horse,kayak,,,,
,sports car,meadow pipit,tabby,American elk,Arctic wolf,Bufo microscaphus,farm horse,outrigger canoe,,,,
,sport car,Anthus pratensis,tabby cat,Cervus elaphus canadensis,Canis lupus tundrarum,western toad,dobbin,cockleshell,,,,
,sport utility,finch,tortoiseshell,muntjac,timber wolf,Bufo boreas,hack,coracle,,,,
,sport utility vehicle,chaffinch,tortoiseshellcat,barking deer,grey wolf,obstetrical toad,roan,dinghy,,,,
,S.U.V.,Fringilla coelebs,calico cat,roe deer,gray wolf,midwife toad,bay,dory,,,,
,SUV,brambling,mouser,Capreolus capreolus,Canis lupus,Alytes obstetricans,stepper,rowboat,,,,
,Stanley Steamer,Fringilla montifringilla,wildcat,chevrotain,wolf pup,midwife toad,high stepper,rowing boat,,,,
,stock car,goldfinch,cougar,mouse deer,wolf cub,Alytes cisternasi,male horse,wherry,,,,
,subcompact,Carduelis carduelis,puma,kanchil,dog,firebellied toad,stallion,gig,,,,
,subcompact car,linnet,catamount,Tragulus kanchil,domestic dog,Bombina bombina,entire,racing boat,,,,
,touring car,lintwhite,mountain lion,napu,Canis familiaris,spadefoot,stud,shell,,,,
,phaeton,Carduelis cannabina,painter,Tragulus Javanicus,pooch,spadefoot toad,studhorse,racing shell,,,,
,tourer,siskin,panther,water chevrotain,doggie,western spadefoot,gelding,racing skiff,,,,
,usedcar,Carduelis spinus,Felis concolor,water deer,doggy,Scaphiopus hammondii,pacer,single shell,,,,
,secondhand car,red siskin,European wildcat,Hyemoschus aquaticus,barker,southern spadefoot,polo pony,scull,,,,
,,Carduelis cucullata,catamountain,giraffe,bowwow,Scaphiopus multiplicatus,liver chestnut,racing gig,,,,
,,redpoll,Felis silvestris,camelopard,hunting dog,plains spadefoot,harness horse,skiff,,,,
,,Carduelis flammea,kaffir cat,Giraffa camelopardalis,sporting dog,Scaphiopus bombifrons,hackney,sampan,,,,
,,redpoll,caffer cat,okapi,gun dog,tree toad,cob,yawl,,,,
,,Carduelis hornemanni,Felis ocreata,Okapia johnstoni,dachshund,tree frog,pony,jolly boat,,,,
,,New World goldfinch,tiger cat,pollard,dachsie,treefrog,Exmoor,jolly,,,,
,,goldfinch,Felis tigrina,,badger dog,spring peeper,Welsh pony,steamboat,,,,
,,yellowbird,sand cat,,terrier,Hyla crucifer,Shetland pony,showboat,,,,
,,Spinus tristis,manul,,courser,Pacific tree toad,mare,surfboat,,,,
,,pine siskin,Pallas's cat,,hound,Hyla regilla,female horse,tender,,,,
,,pine finch,Felis manul,,hound dog,canyon treefrog,broodmare,ship's boat,,,,
,,Spinus pinus,leopard cat,,Rhodesian ridgeback,Hyla arenicolor,stud mare,pinnace,,,,
,,house finch,Felis bengalensis,,dalmatian,chameleon tree frog,palomino,cutter,,,,
,,linnet,ocelot,,coach dog,cricket frog,post horse,gig,,,,
,,Carpodacus mexicanus,panther cat,,carriage dog,northern cricket frog,posthorse,tugboat,,,,
,,purple finch,Felis pardalis,,liverspotted dalmatian,Acris crepitans,poster,tug,,,,
,,Carpodacus purpureus,jaguarundi,,cur,eastern cricket frog,geegee,towboat,,,,
,,canary,jaguarundi cat,,mongrel,Acris gryllus,saddle horse,tower,,,,
,,canary bird,jaguarondi,,mutt,chorus frog,riding horse,,,,,
,,common canary,eyra,,pariah dog,lowland burrowing treefrog,mount,,,,,
,,Serinus canaria,Felis yagouaroundi,,pyedog,northern casqueheaded frog,Tennessee walker,,,,,
,,serin,jungle cat,,piedog,Pternohyla fodiens,Tennessee walking horse,,,,,
,,crossbill,Felis chaus,,feist,western narrowmouthed toad,Walking horse,,,,,
,,Loxia curvirostra,margay,,fice,Gastrophryne olivacea,Plantation walking horse,,,,,
,,bullfinch,margay cat,,corgi,eastern narrowmouthed toad,grey,,,,,
,,Pyrrhula pyrrhula,Felis wiedi,,Welsh corgi,Gastrophryne carolinensis,gray,,,,,
,,junco,lynx,,Cardigan,sheep frog,prancer,,,,,
,,snowbird,catamount,,Cardigan Welsh corgi,tongueless frog,Arabian,,,,,
,,darkeyed junco,serval,,Pembroke,Surinam toad,Arab,,,,,
,,slatecolored junco,Felis serval,,Pembroke Welsh corgi,Pipa pipa,cow pony,,,,,
,,Junco hyemalis,,,Mexican hairless,Pipa americana,Appaloosa,,,,,
,,New World sparrow,,,lapdog,African clawed frog,American saddle horse,,,,,
,,vesper sparrow,,,Newfoundland,Xenopus laevis,warhorse,,,,,
,,grass finch,,,Newfoundland dog,South American poison toad,charger,,,,,
,,Pooecetes gramineus,,,poodle,,courser,,,,,
,,whitethroated sparrow,,,poodle dog,,steed,,,,,
,,whitethroat,,,miniature poodle,,cavalry horse,,,,,
,,Zonotrichia albicollis,,,large poodle,,palfrey,,,,,
,,whitecrowned sparrow,,,toy poodle,,hack,,,,,
,,Zonotrichia leucophrys,,,standard poodle,,buckskin,,,,,
,,chipping sparrow,,,basenji,,Lippizan,,,,,
,,Spizella passerina,,,Leonberg,,Lipizzan,,,,,
,,field sparrow,,,griffon,,Lippizaner,,,,,
,,Spizella pusilla,,,Brussels griffon,,crowbait,,,,,
,,tree sparrow,,,Belgian griffon,,crowbait,,,,,
,,Spizella arborea,,,Brabancon griffon,,quarter horse,,,,,
,,song sparrow,,,pug,,dun,,,,,
,,Melospiza melodia,,,pugdog,,Morgan,,,,,
,,swamp sparrow,,,working dog,,remount,,,,,
,,Melospiza georgiana,,,Great Dane,,chestnut,,,,,
,,bunting,,,guide dog,,mesohippus,,,,,
,,indigo bunting,,,shepherd dog,,stablemate,,,,,
,,indigo finch,,,sheepdog,,stable companion,,,,,
,,indigo bird,,,sheep dog,,steeplechaser,,,,,
,,Passerina cyanea,,,watchdog,,,,,,,
,,ortolan,,,guard dog,,,,,,,
,,ortolan bunting,,,police dog,,,,,,,
,,Emberiza hortulana,,,seizurealert dog,,,,,,,
,,reed bunting,,,sled dog,,,,,,,
bird,,Emberiza schoeniclus,,,sledge dog,,,,,,,
,,yellowhammer,,,boxer,,,,,,,
,,yellow bunting,,,bull mastiff,,,,,,,
,,Emberiza citrinella,,,Eskimo dog,,,,,,,
,,yellowbreasted bunting,,,husky,,,,,,,
,,Emberiza aureola,,,Sennenhunde,,,,,,,
,,snow bunting,,,Saint Bernard,,,,,,,
,,snowbird,,,St Bernard,,,,,,,
,,snowflake,,,mastiff,,,,,,,
,,Plectrophenax nivalis,,,hearing dog,,,,,,,
,,grosbeak,,,bulldog,,,,,,,
,,grossbeak,,,English bulldog,,,,,,,
,,evening grosbeak,,,spitz,,,,,,,
,,Hesperiphona vespertina,,,Pomeranian,,,,,,,
,,hawfinch,,,keeshond,,,,,,,
,,Coccothraustes coccothraustes,,,chow,,,,,,,
,,pine grosbeak,,,chow chow,,,,,,,
,,Pinicola enucleator,,,Samoyed,,,,,,,
,,cardinal,,,Samoyede,,,,,,,
,,cardinal grosbeak,,,Great Pyrenees,,,,,,,
,,Richmondena Cardinalis,,,toy dog,,,,,,,
,,Cardinalis cardinalis,,,toy,,,,,,,
,,redbird,,,toy spaniel,,,,,,,
,,pyrrhuloxia,,,Pekinese,,,,,,,
,,Pyrrhuloxia sinuata,,,Pekingese,,,,,,,
,,towhee,,,Peke,,,,,,,
,,greentailed towhee,,,Maltese dog,,,,,,,
,,Chlorura chlorura,,,Maltese terrier,,,,,,,
,,chewink,,,Maltese,,,,,,,
,,cheewink,,,toy terrier,,,,,,,
,,Pipilo erythrophthalmus,,,Japanese spaniel,,,,,,,
,,honeycreeper,,,ShihTzu,,,,,,,
,,Hawaiian honeycreeper,,,Chihuahua,,,,,,,
,,mamo,,,puppy,,,,,,,
,,honeycreeper,,,,,,,,,,
,,banana quit,,,,,,,,,,
,,weaver,,,,,,,,,,
,,weaverbird,,,,,,,,,,
,,weaver finch,,,,,,,,,,
,,baya,,,,,,,,,,
,,Ploceus philippinus,,,,,,,,,,
,,whydah,,,,,,,,,,
,,whidah,,,,,,,,,,
,,widow bird,,,,,,,,,,
,,Java sparrow,,,,,,,,,,
,,Java finch,,,,,,,,,,
,,ricebird,,,,,,,,,,
,,Padda oryzivora,,,,,,,,,,
,,avadavat,,,,,,,,,,
,,amadavat,,,,,,,,,,
,,grassfinch,,,,,,,,,,
,,grass finch,,,,,,,,,,
,,zebra finch,,,,,,,,,,
,,Poephila castanotis,,,,,,,,,,
,,Old World flycatcher,,,,,,,,,,
,,true flycatcher,,,,,,,,,,
,,flycatcher,,,,,,,,,,
,,spotted flycatcher,,,,,,,,,,
,,Muscicapa striata,,,,,,,,,,
,,Muscicapa grisola,,,,,,,,,,
,,thickhead,,,,,,,,,,
,,whistler,,,,,,,,,,
,,thrush,,,,,,,,,,
,,missel thrush,,,,,,,,,,
,,mistle thrush,,,,,,,,,,
,,mistletoe thrush,,,,,,,,,,
,,Turdus viscivorus,,,,,,,,,,
,,song thrush,,,,,,,,,,
,,mavis,,,,,,,,,,
,,throstle,,,,,,,,,,
,,Turdus philomelos,,,,,,,,,,
,,fieldfare,,,,,,,,,,
,,snowbird,,,,,,,,,,
,,Turdus pilaris,,,,,,,,,,
,,redwing,,,,,,,,,,
,,Turdus iliacus,,,,,,,,,,
,,blackbird,,,,,,,,,,
,,merl,,,,,,,,,,
,,merle,,,,,,,,,,
,,ouzel,,,,,,,,,,
,,ousel,,,,,,,,,,
,,European blackbird,,,,,,,,,,
,,Turdus merula,,,,,,,,,,
,,ring ouzel,,,,,,,,,,
,,ring blackbird,,,,,,,,,,
,,ring thrush,,,,,,,,,,
,,Turdus torquatus,,,,,,,,,,
,,robin,,,,,,,,,,
,,American robin,,,,,,,,,,
,,Turdus migratorius,,,,,,,,,,
,,claycolored robin,,,,,,,,,,
,,Turdus greyi,,,,,,,,,,
,,hermit thrush,,,,,,,,,,
,,Hylocichla guttata,,,,,,,,,,
,,veery,,,,,,,,,,
,,Wilson's thrush,,,,,,,,,,
,,Hylocichla fuscescens,,,,,,,,,,
,,wood thrush,,,,,,,,,,
,,Hylocichla mustelina,,,,,,,,,,
,,nightingale,,,,,,,,,,
,,Luscinia megarhynchos,,,,,,,,,,
,,bulbul,,,,,,,,,,
,,thrush nightingale,,,,,,,,,,
,,Luscinia luscinia,,,,,,,,,,
,,Old World chat,,,,,,,,,,
,,chat,,,,,,,,,,
,,stonechat,,,,,,,,,,
,,Saxicola torquata,,,,,,,,,,
,,whinchat,,,,,,,,,,
,,Saxicola rubetra,,,,,,,,,,
,,solitaire,,,,,,,,,,
,,redstart,,,,,,,,,,
,,redtail,,,,,,,,,,
,,wheatear,,,,,,,,,,
,,bluebird,,,,,,,,,,
,,robin,,,,,,,,,,
,,redbreast,,,,,,,,,,
,,robin redbreast,,,,,,,,,,
,,Old World robin,,,,,,,,,,
,,Erithacus rubecola,,,,,,,,,,
,,bluethroat,,,,,,,,,,
,,Erithacus svecicus,,,,,,,,,,
,,warbler,,,,,,,,,,
,,gnatcatcher,,,,,,,,,,
,,kinglet,,,,,,,,,,
,,goldcrest,,,,,,,,,,
,,goldencrested kinglet,,,,,,,,,,
,,Regulus regulus,,,,,,,,,,
,,goldcrowned kinglet,,,,,,,,,,
,,Regulus satrata,,,,,,,,,,
,,rubycrowned kinglet,,,,,,,,,,
,,rubycrowned wren,,,,,,,,,,
,,Regulus calendula,,,,,,,,,,
,,Old World warbler,,,,,,,,,,
,,true warbler,,,,,,,,,,
,,blackcap,,,,,,,,,,
,,Silvia atricapilla,,,,,,,,,,
,,wood warbler,,,,,,,,,,
,,Phylloscopus sibilatrix,,,,,,,,,,
,,sedge warbler,,,,,,,,,,
,,sedge bird,,,,,,,,,,
,,sedge wren,,,,,,,,,,
,,reedbird,,,,,,,,,,
,,Acrocephalus schoenobaenus,,,,,,,,,,
,,wren warbler,,,,,,,,,,
,,tailorbird,,,,,,,,,,
,,Orthotomus sutorius,,,,,,,,,,
,,greater whitethroat,,,,,,,,,,
,,whitethroat,,,,,,,,,,
,,Sylvia communis,,,,,,,,,,
,,lesser whitethroat,,,,,,,,,,
,,whitethroat,,,,,,,,,,
,,Sylvia curruca,,,,,,,,,,
,,New World warbler,,,,,,,,,,
,,wood warbler,,,,,,,,,,
,,parula warbler,,,,,,,,,,
,,northern parula,,,,,,,,,,
,,Parula americana,,,,,,,,,,
,,Wilson's warbler,,,,,,,,,,
,,Wilson's blackcap,,,,,,,,,,
,,Wilsonia pusilla,,,,,,,,,,
,,flycatching warbler,,,,,,,,,,
,,American redstart,,,,,,,,,,
,,redstart,,,,,,,,,,
,,Setophaga ruticilla,,,,,,,,,,
,,Cape May warbler,,,,,,,,,,
,,Dendroica tigrina,,,,,,,,,,
,,yellow warbler,,,,,,,,,,
,,golden warbler,,,,,,,,,,
,,yellowbird,,,,,,,,,,
,,Dendroica petechia,,,,,,,,,,
,,Blackburn,,,,,,,,,,
,,Blackburnian warbler,,,,,,,,,,
,,Dendroica fusca,,,,,,,,,,
,,Audubon's warbler,,,,,,,,,,
,,Audubon warbler,,,,,,,,,,
,,Dendroica auduboni,,,,,,,,,,
,,myrtle warbler,,,,,,,,,,
,,myrtle bird,,,,,,,,,,
,,Dendroica coronata,,,,,,,,,,
,,blackpoll,,,,,,,,,,
,,Dendroica striate,,,,,,,,,,
,,New World chat,,,,,,,,,,
,,chat,,,,,,,,,,
,,yellowbreasted chat,,,,,,,,,,
,,Icteria virens,,,,,,,,,,
,,ovenbird,,,,,,,,,,
,,Seiurus aurocapillus,,,,,,,,,,
,,water thrush,,,,,,,,,,
,,yellowthroat,,,,,,,,,,
,,common yellowthroat,,,,,,,,,,
,,Maryland yellowthroat,,,,,,,,,,
,,Geothlypis trichas,,,,,,,,,,
,,babbler,,,,,,,,,,
,,cackler,,,,,,,,,,
,,bird of paradise,,,,,,,,,,
,,riflebird,,,,,,,,,,
,,Ptloris paradisea,,,,,,,,,,
,,New World oriole,,,,,,,,,,
,,American oriole,,,,,,,,,,
,,oriole,,,,,,,,,,
,,northern oriole,,,,,,,,,,
,,Icterus galbula,,,,,,,,,,
,,Baltimore oriole,,,,,,,,,,
,,Baltimore bird,,,,,,,,,,
,,hangbird,,,,,,,,,,
,,firebird,,,,,,,,,,
,,Icterus galbula galbula,,,,,,,,,,
,,Bullock's oriole,,,,,,,,,,
,,Icterus galbula bullockii,,,,,,,,,,
,,orchard oriole,,,,,,,,,,
,,Icterus spurius,,,,,,,,,,
,,meadowlark,,,,,,,,,,
,,lark,,,,,,,,,,
,,eastern meadowlark,,,,,,,,,,
,,Sturnella magna,,,,,,,,,,
,,western meadowlark,,,,,,,,,,
,,Sturnella neglecta,,,,,,,,,,
,,cacique,,,,,,,,,,
,,cazique,,,,,,,,,,
,,bobolink,,,,,,,,,,
,,ricebird,,,,,,,,,,
,,reedbird,,,,,,,,,,
,,Dolichonyx oryzivorus,,,,,,,,,,
,,New World blackbird,,,,,,,,,,
,,blackbird,,,,,,,,,,
,,grackle,,,,,,,,,,
,,crow blackbird,,,,,,,,,,
,,purple grackle,,,,,,,,,,
,,Quiscalus quiscula,,,,,,,,,,
,,rusty blackbird,,,,,,,,,,
,,rusty grackle,,,,,,,,,,
,,Euphagus carilonus,,,,,,,,,,
,,cowbird,,,,,,,,,,
,,redwinged blackbird,,,,,,,,,,
,,redwing,,,,,,,,,,
,,Agelaius phoeniceus,,,,,,,,,,
,,Old World oriole,,,,,,,,,,
,,oriole,,,,,,,,,,
,,golden oriole,,,,,,,,,,
,,Oriolus oriolus,,,,,,,,,,
,,figbird,,,,,,,,,,
,,starling,,,,,,,,,,
,,common starling,,,,,,,,,,
,,Sturnus vulgaris,,,,,,,,,,
,,rosecolored starling,,,,,,,,,,
,,rosecolored pastor,,,,,,,,,,
,,Pastor sturnus,,,,,,,,,,
,,Pastor roseus,,,,,,,,,,
,,myna,,,,,,,,,,
,,mynah,,,,,,,,,,
,,mina,,,,,,,,,,
,,minah,,,,,,,,,,
,,myna bird,,,,,,,,,,
,,mynah bird,,,,,,,,,,
,,crested myna,,,,,,,,,,
,,Acridotheres tristis,,,,,,,,,,
,,hill myna,,,,,,,,,,
,,Indian grackle,,,,,,,,,,
,,grackle,,,,,,,,,,
,,Gracula religiosa,,,,,,,,,,
,,corvine bird,,,,,,,,,,
,,crow,,,,,,,,,,
,,American crow,,,,,,,,,,
,,Corvus brachyrhyncos,,,,,,,,,,
,,raven,,,,,,,,,,
,,Corvus corax,,,,,,,,,,
,,rook,,,,,,,,,,
,,Corvus frugilegus,,,,,,,,,,
,,jackdaw,,,,,,,,,,
,,daw,,,,,,,,,,
,,Corvus monedula,,,,,,,,,,
,,chough,,,,,,,,,,
,,jay,,,,,,,,,,
,,Old World jay,,,,,,,,,,
,,common European jay,,,,,,,,,,
,,Garullus garullus,,,,,,,,,,
,,New World jay,,,,,,,,,,
,,blue jay,,,,,,,,,,
,,jaybird,,,,,,,,,,
,,Cyanocitta cristata,,,,,,,,,,
,,Canada jay,,,,,,,,,,
,,grey jay,,,,,,,,,,
,,gray jay,,,,,,,,,,
,,camp robber,,,,,,,,,,
,,whisker jack,,,,,,,,,,
,,Perisoreus canadensis,,,,,,,,,,
,,Rocky Mountain jay,,,,,,,,,,
,,Perisoreus canadensis capitalis,,,,,,,,,,
,,nutcracker,,,,,,,,,,
,,common nutcracker,,,,,,,,,,
,,Nucifraga caryocatactes,,,,,,,,,,
,,Clark's nutcracker,,,,,,,,,,
,,Nucifraga columbiana,,,,,,,,,,
,,magpie,,,,,,,,,,
,,European magpie,,,,,,,,,,
,,Pica pica,,,,,,,,,,
,,American magpie,,,,,,,,,,
,,Pica pica hudsonia,,,,,,,,,,
,,Australian magpie,,,,,,,,,,
,,butcherbird,,,,,,,,,,
,,currawong,,,,,,,,,,
,,bell magpie,,,,,,,,,,
,,piping crow,,,,,,,,,,
,,piping crowshrike,,,,,,,,,,
,,Gymnorhina tibicen,,,,,,,,,,
,,mockingbird,,,,,,,,,,
,,mocker,,,,,,,,,,
,,Mimus polyglotktos,,,,,,,,,,
,,blue mockingbird,,,,,,,,,,
,,Melanotis caerulescens,,,,,,,,,,
,,catbird,,,,,,,,,,
,,grey catbird,,,,,,,,,,
,,gray catbird,,,,,,,,,,
,,Dumetella carolinensis,,,,,,,,,,
,,thrasher,,,,,,,,,,
,,mocking thrush,,,,,,,,,,
,,brown thrasher,,,,,,,,,,
,,brown thrush,,,,,,,,,,
,,Toxostoma rufums,,,,,,,,,,
,,New Zealand wren,,,,,,,,,,
,,rock wren,,,,,,,,,,
,,Xenicus gilviventris,,,,,,,,,,
,,rifleman bird,,,,,,,,,,
,,Acanthisitta chloris,,,,,,,,,,
,,creeper,,,,,,,,,,
,,tree creeper,,,,,,,,,,
,,brown creeper,,,,,,,,,,
,,American creeper,,,,,,,,,,
,,Certhia americana,,,,,,,,,,
,,European creeper,,,,,,,,,,
,,Certhia familiaris,,,,,,,,,,
,,wall creeper,,,,,,,,,,
,,tichodrome,,,,,,,,,,
,,Tichodroma muriaria,,,,,,,,,,
,,nuthatch,,,,,,,,,,
,,nutcracker,,,,,,,,,,
,,European nuthatch,,,,,,,,,,
,,Sitta europaea,,,,,,,,,,
,,redbreasted nuthatch,,,,,,,,,,
,,Sitta canadensis,,,,,,,,,,
,,whitebreasted nuthatch,,,,,,,,,,
,,Sitta carolinensis,,,,,,,,,,
,,titmouse,,,,,,,,,,
,,tit,,,,,,,,,,
,,chickadee,,,,,,,,,,
,,blackcapped chickadee,,,,,,,,,,
,,blackcap,,,,,,,,,,
,,Parus atricapillus,,,,,,,,,,
,,Carolina chickadee,,,,,,,,,,
,,Parus carolinensis,,,,,,,,,,
,,tufted titmouse,,,,,,,,,,
,,Parus bicolor,,,,,,,,,,
,,blue tit,,,,,,,,,,
,,tomtit,,,,,,,,,,
,,Parus caeruleus,,,,,,,,,,
,,bushtit,,,,,,,,,,
,,bush tit,,,,,,,,,,
,,wrentit,,,,,,,,,,
,,Chamaea fasciata,,,,,,,,,,
,,verdin,,,,,,,,,,
,,Auriparus flaviceps,,,,,,,,,,
,,fairy bluebird,,,,,,,,,,
,,bluebird,,,,,,,,,,
,,swallow,,,,,,,,,,
,,barn swallow,,,,,,,,,,
,,chimney swallow,,,,,,,,,,
,,Hirundo rustica,,,,,,,,,,
,,cliff swallow,,,,,,,,,,
,,Hirundo pyrrhonota,,,,,,,,,,
,,tree swallow,,,,,,,,,,
,,tree martin,,,,,,,,,,
,,Hirundo nigricans,,,,,,,,,,
,,whitebellied swallow,,,,,,,,,,
,,tree swallow,,,,,,,,,,
,,Iridoprocne bicolor,,,,,,,,,,
,,martin,,,,,,,,,,
,,house martin,,,,,,,,,,
,,Delichon urbica,,,,,,,,,,
,,bank martin,,,,,,,,,,
,,bank swallow,,,,,,,,,,
,,sand martin,,,,,,,,,,
,,Riparia riparia,,,,,,,,,,
,,purple martin,,,,,,,,,,
,,Progne subis,,,,,,,,,,
,,wood swallow,,,,,,,,,,
,,swallow shrike,,,,,,,,,,
,,tanager,,,,,,,,,,
,,scarlet tanager,,,,,,,,,,
,,Piranga olivacea,,,,,,,,,,
,,redbird,,,,,,,,,,
,,firebird,,,,,,,,,,
,,western tanager,,,,,,,,,,
,,Piranga ludoviciana,,,,,,,,,,
,,summer tanager,,,,,,,,,,
,,summer redbird,,,,,,,,,,
,,Piranga rubra,,,,,,,,,,
,,hepatic tanager,,,,,,,,,,
,,Piranga flava hepatica,,,,,,,,,,
,,shrike,,,,,,,,,,
,,butcherbird,,,,,,,,,,
,,European shrike,,,,,,,,,,
,,Lanius excubitor,,,,,,,,,,
,,northern shrike,,,,,,,,,,
,,Lanius borealis,,,,,,,,,,
,,whiterumped shrike,,,,,,,,,,
,,Lanius ludovicianus excubitorides,,,,,,,,,,
,,loggerhead shrike,,,,,,,,,,
,,Lanius lucovicianus,,,,,,,,,,
,,migrant shrike,,,,,,,,,,
,,Lanius ludovicianus migrans,,,,,,,,,,
,,bush shrike,,,,,,,,,,
,,blackfronted bush shrike,,,,,,,,,,
,,Chlorophoneus nigrifrons,,,,,,,,,,
,,bowerbird,,,,,,,,,,
,,catbird,,,,,,,,,,
,,great bowerbird,,,,,,,,,,
,,Chlamydera nuchalis,,,,,,,,,,
,,satin bowerbird,,,,,,,,,,
,,satin bird,,,,,,,,,,
,,Ptilonorhynchus violaceus,,,,,,,,,,
,,water ouzel,,,,,,,,,,
,,dipper,,,,,,,,,,
,,European water ouzel,,,,,,,,,,
,,Cinclus aquaticus,,,,,,,,,,
,,American water ouzel,,,,,,,,,,
,,Cinclus mexicanus,,,,,,,,,,
,,vireo,,,,,,,,,,
,,redeyed vireo,,,,,,,,,,
,,Vireo olivaceous,,,,,,,,,,
,,solitary vireo,,,,,,,,,,
,,Vireo solitarius,,,,,,,,,,
,,blueheaded vireo,,,,,,,,,,
,,Vireo solitarius solitarius,,,,,,,,,,
,,waxwing,,,,,,,,,,
,,cedar waxwing,,,,,,,,,,
,,cedarbird,,,,,,,,,,
,,Bombycilla cedrorun,,,,,,,,,,
,,Bohemian waxwing,,,,,,,,,,
,,Bombycilla garrulus,,,,,,,,,,
,,sparrow,,,,,,,,,,
,,true sparrow,,,,,,,,,,
,,English sparrow,,,,,,,,,,
,,house sparrow,,,,,,,,,,
,,Passer domesticus,,,,,,,,,,
,,tree sparrow,,,,,,,,,,
,,Passer montanus,,,,,,,,,,
,,lyrebird,,,,,,,,,,
,,scrubbird,,,,,,,,,,
,,scrubbird,,,,,,,,,,
,,scrub bird,,,,,,,,,,
,,broadbill,,,,,,,,,,
,,tyrannid,,,,,,,,,,
,,New World flycatcher,,,,,,,,,,
,,flycatcher,,,,,,,,,,
,,tyrant flycatcher,,,,,,,,,,
,,tyrant bird,,,,,,,,,,
,,kingbird,,,,,,,,,,
,,Tyrannus tyrannus,,,,,,,,,,
,,Arkansas kingbird,,,,,,,,,,
,,western kingbird,,,,,,,,,,
,,Cassin's kingbird,,,,,,,,,,
,,Tyrannus vociferans,,,,,,,,,,
,,eastern kingbird,,,,,,,,,,
,,grey kingbird,,,,,,,,,,
,,gray kingbird,,,,,,,,,,
,,petchary,,,,,,,,,,
,,Tyrannus domenicensis domenicensis,,,,,,,,,,
,,pewee,,,,,,,,,,
,,peewee,,,,,,,,,,
,,peewit,,,,,,,,,,
,,pewit,,,,,,,,,,
,,wood pewee,,,,,,,,,,
,,Contopus virens,,,,,,,,,,
,,western wood pewee,,,,,,,,,,
,,Contopus sordidulus,,,,,,,,,,
,,phoebe,,,,,,,,,,
,,phoebe bird,,,,,,,,,,
,,Sayornis phoebe,,,,,,,,,,
,,vermillion flycatcher,,,,,,,,,,
,,firebird,,,,,,,,,,
,,Pyrocephalus rubinus mexicanus,,,,,,,,,,
,,cotinga,,,,,,,,,,
,,chatterer,,,,,,,,,,
,,cock of the rock,,,,,,,,,,
,,Rupicola rupicola,,,,,,,,,,
,,cock of the rock,,,,,,,,,,
,,Rupicola peruviana,,,,,,,,,,
,,bellbird,,,,,,,,,,
,,umbrella bird,,,,,,,,,,
,,Cephalopterus ornatus,,,,,,,,,,
,,scissortail,,,,,,,,,,
,,scissortailed flycatcher,,,,,,,,,,
,,Muscivoraforficata,,,,,,,,,,
,,manakin,,,,,,,,,,
,,ovenbird,,,,,,,,,,
,,antbird,,,,,,,,,,
,,ant bird,,,,,,,,,,
,,ant thrush,,,,,,,,,,
,,ant shrike,,,,,,,,,,
,,spotted antbird,,,,,,,,,,
,,Hylophylax naevioides,,,,,,,,,,
,,woodhewer,,,,,,,,,,
,,woodcreeper,,,,,,,,,,
,,woodcreeper,,,,,,,,,,
,,tree creeper,,,,,,,,,,
,,pitta,,,,,,,,,,
,,wren,,,,,,,,,,
,,jenny wren,,,,,,,,,,
,,winter wren,,,,,,,,,,
,,Troglodytes troglodytes,,,,,,,,,,
,,house wren,,,,,,,,,,
,,Troglodytes aedon,,,,,,,,,,
,,marsh wren,,,,,,,,,,
,,longbilled marsh wren,,,,,,,,,,
,,Cistothorus palustris,,,,,,,,,,
,,sedge wren,,,,,,,,,,
,,shortbilled marsh wren,,,,,,,,,,
,,Cistothorus platensis,,,,,,,,,,
,,rock wren,,,,,,,,,,
,,Salpinctes obsoletus,,,,,,,,,,
,,Carolina wren,,,,,,,,,,
,,Thryothorus ludovicianus,,,,,,,,,,
,,cactus wren,,,,,,,,,,
,,nonpasserine bird,,,,,,,,,,
,,bird of prey,,,,,,,,,,
,,raptor,,,,,,,,,,
,,raptorial bird,,,,,,,,,,
,,Accipitriformes,,,,,,,,,,
,,order Accipitriformes,,,,,,,,,,
,,hawk,,,,,,,,,,
,,eyas,,,,,,,,,,
,,tiercel,,,,,,,,,,
,,tercel,,,,,,,,,,
,,tercelet,,,,,,,,,,
,,goshawk,,,,,,,,,,
,,Accipiter gentilis,,,,,,,,,,
,,sparrow hawk,,,,,,,,,,
,,Accipiter nisus,,,,,,,,,,
,,Cooper's hawk,,,,,,,,,,
,,blue darter,,,,,,,,,,
,,Accipiter cooperii,,,,,,,,,,
,,chicken hawk,,,,,,,,,,
,,hen hawk,,,,,,,,,,
,,buteonine,,,,,,,,,,
,,redtail,,,,,,,,,,
,,redtailed hawk,,,,,,,,,,
,,Buteo jamaicensis,,,,,,,,,,
,,roughlegged hawk,,,,,,,,,,
,,roughleg,,,,,,,,,,
,,Buteo lagopus,,,,,,,,,,
,,redshouldered hawk,,,,,,,,,,
,,Buteo lineatus,,,,,,,,,,
,,buzzard,,,,,,,,,,
,,Buteo buteo,,,,,,,,,,
,,honey buzzard,,,,,,,,,,
,,Pernis apivorus,,,,,,,,,,
,,kite,,,,,,,,,,
,,black kite,,,,,,,,,,
,,Milvus migrans,,,,,,,,,,
,,swallowtailed kite,,,,,,,,,,
,,swallowtailed hawk,,,,,,,,,,
,,Elanoides forficatus,,,,,,,,,,
,,whitetailed kite,,,,,,,,,,
,,Elanus leucurus,,,,,,,,,,
,,harrier,,,,,,,,,,
,,marsh harrier,,,,,,,,,,
,,Circus Aeruginosus,,,,,,,,,,
,,Montagu's harrier,,,,,,,,,,
,,Circus pygargus,,,,,,,,,,
,,marsh hawk,,,,,,,,,,
,,northern harrier,,,,,,,,,,
,,hen harrier,,,,,,,,,,
,,Circus cyaneus,,,,,,,,,,
,,harrier eagle,,,,,,,,,,
,,shorttoed eagle,,,,,,,,,,
,,falcon,,,,,,,,,,
,,peregrine,,,,,,,,,,
,,peregrine falcon,,,,,,,,,,
,,Falco peregrinus,,,,,,,,,,
,,falcongentle,,,,,,,,,,
,,falcongentil,,,,,,,,,,
,,gyrfalcon,,,,,,,,,,
,,gerfalcon,,,,,,,,,,
,,Falco rusticolus,,,,,,,,,,
,,kestrel,,,,,,,,,,
,,Falco tinnunculus,,,,,,,,,,
,,sparrow hawk,,,,,,,,,,
,,American kestrel,,,,,,,,,,
,,kestrel,,,,,,,,,,
,,Falco sparverius,,,,,,,,,,
,,pigeon hawk,,,,,,,,,,
,,merlin,,,,,,,,,,
,,Falco columbarius,,,,,,,,,,
,,hobby,,,,,,,,,,
,,Falco subbuteo,,,,,,,,,,
,,caracara,,,,,,,,,,
,,Audubon's caracara,,,,,,,,,,
,,Polyborus cheriway audubonii,,,,,,,,,,
,,carancha,,,,,,,,,,
,,Polyborus plancus,,,,,,,,,,
,,osprey,,,,,,,,,,
,,fish hawk,,,,,,,,,,
,,fish eagle,,,,,,,,,,
,,sea eagle,,,,,,,,,,
,,Pandion haliaetus,,,,,,,,,,
,,eagle,,,,,,,,,,
,,bird of Jove,,,,,,,,,,
,,eaglet,,,,,,,,,,
,,harpy,,,,,,,,,,
,,harpy eagle,,,,,,,,,,
,,Harpia harpyja,,,,,,,,,,
,,golden eagle,,,,,,,,,,
,,Aquila chrysaetos,,,,,,,,,,
,,ringtail,,,,,,,,,,
,,tawny eagle,,,,,,,,,,
,,Aquila rapax,,,,,,,,,,
,,bald eagle,,,,,,,,,,
,,American eagle,,,,,,,,,,
,,Haliaeetus leucocephalus,,,,,,,,,,
,,sea eagle,,,,,,,,,,
,,Kamchatkan sea eagle,,,,,,,,,,
,,Stellar's sea eagle,,,,,,,,,,
,,Haliaeetus pelagicus,,,,,,,,,,
,,ern,,,,,,,,,,
,,erne,,,,,,,,,,
,,grey sea eagle,,,,,,,,,,
,,gray sea eagle,,,,,,,,,,
,,European sea eagle,,,,,,,,,,
,,whitetailed sea eagle,,,,,,,,,,
,,Haliatus albicilla,,,,,,,,,,
,,fishing eagle,,,,,,,,,,
,,Haliaeetus leucorhyphus,,,,,,,,,,
,,vulture,,,,,,,,,,
,,Aegypiidae,,,,,,,,,,
,,family Aegypiidae,,,,,,,,,,
,,Old World vulture,,,,,,,,,,
,,griffon vulture,,,,,,,,,,
,,griffon,,,,,,,,,,
,,Gyps fulvus,,,,,,,,,,
,,bearded vulture,,,,,,,,,,
,,lammergeier,,,,,,,,,,
,,lammergeyer,,,,,,,,,,
,,Gypaetus barbatus,,,,,,,,,,
,,Egyptian vulture,,,,,,,,,,
,,Pharaoh's chicken,,,,,,,,,,
,,Neophron percnopterus,,,,,,,,,,
,,black vulture,,,,,,,,,,
,,Aegypius monachus,,,,,,,,,,
,,New World vulture,,,,,,,,,,
,,cathartid,,,,,,,,,,
,,buzzard,,,,,,,,,,
,,turkey buzzard,,,,,,,,,,
,,turkey vulture,,,,,,,,,,
,,Cathartes aura,,,,,,,,,,
,,condor,,,,,,,,,,
,,Andean condor,,,,,,,,,,
,,Vultur gryphus,,,,,,,,,,
,,California condor,,,,,,,,,,
,,Gymnogyps californianus,,,,,,,,,,
,,black vulture,,,,,,,,,,
,,carrion crow,,,,,,,,,,
,,Coragyps atratus,,,,,,,,,,
,,king vulture,,,,,,,,,,
,,Sarcorhamphus papa,,,,,,,,,,
,,secretary bird,,,,,,,,,,
,,Sagittarius serpentarius,,,,,,,,,,
,,owl,,,,,,,,,,
,,bird of Minerva,,,,,,,,,,
,,bird of night,,,,,,,,,,
,,hooter,,,,,,,,,,
,,owlet,,,,,,,,,,
,,little owl,,,,,,,,,,
,,Athene noctua,,,,,,,,,,
,,horned owl,,,,,,,,,,
,,great horned owl,,,,,,,,,,
,,Bubo virginianus,,,,,,,,,,
,,great grey owl,,,,,,,,,,
,,great gray owl,,,,,,,,,,
,,Strix nebulosa,,,,,,,,,,
,,tawny owl,,,,,,,,,,
,,Strix aluco,,,,,,,,,,
,,barred owl,,,,,,,,,,
,,Strix varia,,,,,,,,,,
,,screech owl,,,,,,,,,,
,,Otus asio,,,,,,,,,,
,,screech owl,,,,,,,,,,
,,scops owl,,,,,,,,,,
,,Old World scops owl,,,,,,,,,,
,,Otus scops,,,,,,,,,,
,,Oriental scops owl,,,,,,,,,,
,,Otus sunia,,,,,,,,,,
,,spotted owl,,,,,,,,,,
,,Strix occidentalis,,,,,,,,,,
,,hoot owl,,,,,,,,,,
,,hawk owl,,,,,,,,,,
,,Surnia ulula,,,,,,,,,,
,,longeared owl,,,,,,,,,,
,,Asio otus,,,,,,,,,,
,,laughing owl,,,,,,,,,,
,,laughing jackass,,,,,,,,,,
,,Sceloglaux albifacies,,,,,,,,,,
,,barn owl,,,,,,,,,,
,,Tyto alba,,,,,,,,,,
,,gallinaceous bird,,,,,,,,,,
,,gallinacean,,,,,,,,,,
,,domestic fowl,,,,,,,,,,
,,fowl,,,,,,,,,,
,,poultry,,,,,,,,,,
,,Dorking,,,,,,,,,,
,,Plymouth Rock,,,,,,,,,,
,,Cornish,,,,,,,,,,
,,Cornish fowl,,,,,,,,,,
,,Rock Cornish,,,,,,,,,,
,,game fowl,,,,,,,,,,
,,cochin,,,,,,,,,,
,,cochin china,,,,,,,,,,
,,chicken,,,,,,,,,,
,,Gallus gallus,,,,,,,,,,
,,chick,,,,,,,,,,
,,biddy,,,,,,,,,,
,,cock,,,,,,,,,,
,,rooster,,,,,,,,,,
,,cockerel,,,,,,,,,,
,,capon,,,,,,,,,,
,,hen,,,,,,,,,,
,,biddy,,,,,,,,,,
,,cackler,,,,,,,,,,
,,brood hen,,,,,,,,,,
,,broody,,,,,,,,,,
,,broody hen,,,,,,,,,,
,,setting hen,,,,,,,,,,
,,sitter,,,,,,,,,,
,,mother hen,,,,,,,,,,
,,layer,,,,,,,,,,
,,pullet,,,,,,,,,,
,,spring chicken,,,,,,,,,,
,,Rhode Island red,,,,,,,,,,
,,Dominique,,,,,,,,,,
,,Dominick,,,,,,,,,,
,,Orpington,,,,,,,,,,
,,bantam,,,,,,,,,,
,,turkey,,,,,,,,,,
,,Meleagris gallopavo,,,,,,,,,,
,,turkey cock,,,,,,,,,,
,,gobbler,,,,,,,,,,
,,tom,,,,,,,,,,
,,tom turkey,,,,,,,,,,
,,guinea fowl,,,,,,,,,,
,,guinea,,,,,,,,,,
,,Numida meleagris,,,,,,,,,,
,,guinea hen,,,,,,,,,,
,,jungle fowl,,,,,,,,,,
,,gallina,,,,,,,,,,
,,jungle cock,,,,,,,,,,
,,jungle hen,,,,,,,,,,
,,red jungle fowl,,,,,,,,,,
,,Gallus gallus,,,,,,,,,,
,,ocellated turkey,,,,,,,,,,
,,Agriocharis ocellata,,,,,,,,,,
,,guan,,,,,,,,,,
,,piping guan,,,,,,,,,,
,,curassow,,,,,,,,,,
,,chachalaca,,,,,,,,,,
,,Texas chachalaca,,,,,,,,,,
,,Ortilis vetula macalli,,,,,,,,,,
,,megapode,,,,,,,,,,
,,mound bird,,,,,,,,,,
,,moundbird,,,,,,,,,,
,,mound builder,,,,,,,,,,
,,scrub fowl,,,,,,,,,,
,,mallee fowl,,,,,,,,,,
,,leipoa,,,,,,,,,,
,,lowan,,,,,,,,,,
,,Leipoa ocellata,,,,,,,,,,
,,mallee hen,,,,,,,,,,
,,brush turkey,,,,,,,,,,
,,Alectura lathami,,,,,,,,,,
,,maleo,,,,,,,,,,
,,Macrocephalon maleo,,,,,,,,,,
,,hoatzin,,,,,,,,,,
,,hoactzin,,,,,,,,,,
,,stinkbird,,,,,,,,,,
,,Opisthocomus hoazin,,,,,,,,,,
,,columbiform bird,,,,,,,,,,
,,dodo,,,,,,,,,,
,,Raphus cucullatus,,,,,,,,,,
,,solitaire,,,,,,,,,,
,,Pezophaps solitaria,,,,,,,,,,
,,pigeon,,,,,,,,,,
,,pouter pigeon,,,,,,,,,,
,,pouter,,,,,,,,,,
,,dove,,,,,,,,,,
,,turtledove,,,,,,,,,,
,,Streptopelia turtur,,,,,,,,,,
,,ringdove,,,,,,,,,,
,,Streptopelia risoria,,,,,,,,,,
,,Australian turtledove,,,,,,,,,,
,,turtledove,,,,,,,,,,
,,Stictopelia cuneata,,,,,,,,,,
,,mourning dove,,,,,,,,,,
,,Zenaidura macroura,,,,,,,,,,
,,rock dove,,,,,,,,,,
,,rock pigeon,,,,,,,,,,
,,Columba livia,,,,,,,,,,
,,bandtailed pigeon,,,,,,,,,,
,,bandtail pigeon,,,,,,,,,,
,,bandtail,,,,,,,,,,
,,Columba fasciata,,,,,,,,,,
,,wood pigeon,,,,,,,,,,
,,ringdove,,,,,,,,,,
,,cushat,,,,,,,,,,
,,Columba palumbus,,,,,,,,,,
,,domestic pigeon,,,,,,,,,,
,,fairy swallow,,,,,,,,,,
,,roller,,,,,,,,,,
,,tumbler,,,,,,,,,,
,,tumbler pigeon,,,,,,,,,,
,,homing pigeon,,,,,,,,,,
,,homer,,,,,,,,,,
,,carrier pigeon,,,,,,,,,,
,,squab,,,,,,,,,,
,,passenger pigeon,,,,,,,,,,
,,Ectopistes migratorius,,,,,,,,,,
,,sandgrouse,,,,,,,,,,
,,sand grouse,,,,,,,,,,
,,painted sandgrouse,,,,,,,,,,
,,Pterocles indicus,,,,,,,,,,
,,pintailed sandgrouse,,,,,,,,,,
,,pintailed grouse,,,,,,,,,,
,,Pterocles alchata,,,,,,,,,,
,,pallas's sandgrouse,,,,,,,,,,
,,Syrrhaptes paradoxus,,,,,,,,,,
,,game bird,,,,,,,,,,
,,grouse,,,,,,,,,,
,,black grouse,,,,,,,,,,
,,European black grouse,,,,,,,,,,
,,heathfowl,,,,,,,,,,
,,Lyrurus tetrix,,,,,,,,,,
,,Asian black grouse,,,,,,,,,,
,,Lyrurus mlokosiewiczi,,,,,,,,,,
,,blackcock,,,,,,,,,,
,,black cock,,,,,,,,,,
,,greyhen,,,,,,,,,,
,,grayhen,,,,,,,,,,
,,grey hen,,,,,,,,,,
,,gray hen,,,,,,,,,,
,,heath hen,,,,,,,,,,
,,ptarmigan,,,,,,,,,,
,,red grouse,,,,,,,,,,
,,moorfowl,,,,,,,,,,
,,moorbird,,,,,,,,,,
,,moorbird,,,,,,,,,,
,,moorgame,,,,,,,,,,
,,Lagopus scoticus,,,,,,,,,,
,,moorhen,,,,,,,,,,
,,moorcock,,,,,,,,,,
,,capercaillie,,,,,,,,,,
,,capercailzie,,,,,,,,,,
,,horse of the wood,,,,,,,,,,
,,Tetrao urogallus,,,,,,,,,,
,,spruce grouse,,,,,,,,,,
,,Canachites canadensis,,,,,,,,,,
,,sage grouse,,,,,,,,,,
,,sage hen,,,,,,,,,,
,,Centrocercus urophasianus,,,,,,,,,,
,,ruffed grouse,,,,,,,,,,
,,partridge,,,,,,,,,,
,,Bonasa umbellus,,,,,,,,,,
,,sharptailed grouse,,,,,,,,,,
,,sprigtail,,,,,,,,,,
,,sprig tail,,,,,,,,,,
,,Pedioecetes phasianellus,,,,,,,,,,
,,prairie chicken,,,,,,,,,,
,,prairie grouse,,,,,,,,,,
,,prairie fowl,,,,,,,,,,
,,greater prairie chicken,,,,,,,,,,
,,Tympanuchus cupido,,,,,,,,,,
,,lesser prairie chicken,,,,,,,,,,
,,Tympanuchus pallidicinctus,,,,,,,,,,
,,heath hen,,,,,,,,,,
,,Tympanuchus cupido cupido,,,,,,,,,,
,,phasianid,,,,,,,,,,
,,pheasant,,,,,,,,,,
,,ringnecked pheasant,,,,,,,,,,
,,Phasianus colchicus,,,,,,,,,,
,,afropavo,,,,,,,,,,
,,Congo peafowl,,,,,,,,,,
,,Afropavo congensis,,,,,,,,,,
,,argus,,,,,,,,,,
,,argus pheasant,,,,,,,,,,
,,golden pheasant,,,,,,,,,,
,,Chrysolophus pictus,,,,,,,,,,
,,monal,,,,,,,,,,
,,monaul,,,,,,,,,,
,,peafowl,,,,,,,,,,
,,bird of Juno,,,,,,,,,,
,,peachick,,,,,,,,,,
,,peachick,,,,,,,,,,
,,peacock,,,,,,,,,,
,,peahen,,,,,,,,,,
,,blue peafowl,,,,,,,,,,
,,Pavo cristatus,,,,,,,,,,
,,green peafowl,,,,,,,,,,
,,Pavo muticus,,,,,,,,,,
,,tragopan,,,,,,,,,,
,,quail,,,,,,,,,,
,,bobwhite,,,,,,,,,,
,,bobwhite quail,,,,,,,,,,
,,partridge,,,,,,,,,,
,,northern bobwhite,,,,,,,,,,
,,Colinus virginianus,,,,,,,,,,
,,Old World quail,,,,,,,,,,
,,migratory quail,,,,,,,,,,
,,Coturnix coturnix,,,,,,,,,,
,,Coturnix communis,,,,,,,,,,
,,California quail,,,,,,,,,,
,,Lofortyx californicus,,,,,,,,,,
,,partridge,,,,,,,,,,
,,Hungarian partridge,,,,,,,,,,
,,grey partridge,,,,,,,,,,
,,gray partridge,,,,,,,,,,
,,Perdix perdix,,,,,,,,,,
,,redlegged partridge,,,,,,,,,,
,,Alectoris ruffa,,,,,,,,,,
,,Greek partridge,,,,,,,,,,
,,rock partridge,,,,,,,,,,
,,Alectoris graeca,,,,,,,,,,
,,mountain quail,,,,,,,,,,
,,mountain partridge,,,,,,,,,,
,,Oreortyx picta palmeri,,,,,,,,,,
,,tinamou,,,,,,,,,,
,,partridge,,,,,,,,,,
,,parrot,,,,,,,,,,
,,popinjay,,,,,,,,,,
,,poll,,,,,,,,,,
,,poll parrot,,,,,,,,,,
,,African grey,,,,,,,,,,
,,African gray,,,,,,,,,,
,,Psittacus erithacus,,,,,,,,,,
,,amazon,,,,,,,,,,
,,macaw,,,,,,,,,,
,,kea,,,,,,,,,,
,,Nestor notabilis,,,,,,,,,,
,,cockatoo,,,,,,,,,,
,,sulphurcrested cockatoo,,,,,,,,,,
,,Kakatoe galerita,,,,,,,,,,
,,Cacatua galerita,,,,,,,,,,
,,pink cockatoo,,,,,,,,,,
,,Kakatoe leadbeateri,,,,,,,,,,
,,cockateel,,,,,,,,,,
,,cockatiel,,,,,,,,,,
,,cockatoo parrot,,,,,,,,,,
,,Nymphicus hollandicus,,,,,,,,,,
,,lovebird,,,,,,,,,,
,,lory,,,,,,,,,,
,,lorikeet,,,,,,,,,,
,,varied Lorikeet,,,,,,,,,,
,,Glossopsitta versicolor,,,,,,,,,,
,,rainbow lorikeet,,,,,,,,,,
,,Trichoglossus moluccanus,,,,,,,,,,
,,parakeet,,,,,,,,,,
,,parrakeet,,,,,,,,,,
,,parroket,,,,,,,,,,
,,paraquet,,,,,,,,,,
,,paroquet,,,,,,,,,,
,,parroquet,,,,,,,,,,
,,Carolina parakeet,,,,,,,,,,
,,Conuropsis carolinensis,,,,,,,,,,
,,budgerigar,,,,,,,,,,
,,budgereegah,,,,,,,,,,
,,budgerygah,,,,,,,,,,
,,budgie,,,,,,,,,,
,,grass parakeet,,,,,,,,,,
,,lovebird,,,,,,,,,,
,,shell parakeet,,,,,,,,,,
,,Melopsittacus undulatus,,,,,,,,,,
,,ringnecked parakeet,,,,,,,,,,
,,Psittacula krameri,,,,,,,,,,
,,cuculiform bird,,,,,,,,,,
,,cuckoo,,,,,,,,,,
,,European cuckoo,,,,,,,,,,
,,Cuculus canorus,,,,,,,,,,
,,blackbilled cuckoo,,,,,,,,,,
,,Coccyzus erythropthalmus,,,,,,,,,,
,,roadrunner,,,,,,,,,,
,,chaparral cock,,,,,,,,,,
,,Geococcyx californianus,,,,,,,,,,
,,ani,,,,,,,,,,
,,coucal,,,,,,,,,,
,,pheasant coucal,,,,,,,,,,
,,pheasant cuckoo,,,,,,,,,,
,,Centropus phasianinus,,,,,,,,,,
,,crow pheasant,,,,,,,,,,
,,Centropus sinensis,,,,,,,,,,
,,touraco,,,,,,,,,,
,,turaco,,,,,,,,,,
,,turacou,,,,,,,,,,
,,turakoo,,,,,,,,,,
,,coraciiform bird,,,,,,,,,,
,,roller,,,,,,,,,,
,,European roller,,,,,,,,,,
,,Coracias garrulus,,,,,,,,,,
,,ground roller,,,,,,,,,,
,,kingfisher,,,,,,,,,,
,,Eurasian kingfisher,,,,,,,,,,
,,Alcedo atthis,,,,,,,,,,
,,belted kingfisher,,,,,,,,,,
,,Ceryle alcyon,,,,,,,,,,
,,kookaburra,,,,,,,,,,
,,laughing jackass,,,,,,,,,,
,,Dacelo gigas,,,,,,,,,,
,,bee eater,,,,,,,,,,
,,hornbill,,,,,,,,,,
,,hoopoe,,,,,,,,,,
,,hoopoo,,,,,,,,,,
,,Euopean hoopoe,,,,,,,,,,
,,Upupa epops,,,,,,,,,,
,,wood hoopoe,,,,,,,,,,
,,motmot,,,,,,,,,,
,,momot,,,,,,,,,,
,,tody,,,,,,,,,,
,,apodiform bird,,,,,,,,,,
,,swift,,,,,,,,,,
,,European swift,,,,,,,,,,
,,Apus apus,,,,,,,,,,
,,chimney swift,,,,,,,,,,
,,chimney swallow,,,,,,,,,,
,,Chateura pelagica,,,,,,,,,,
,,swiftlet,,,,,,,,,,
,,Collocalia inexpectata,,,,,,,,,,
,,tree swift,,,,,,,,,,
,,crested swift,,,,,,,,,,
,,hummingbird,,,,,,,,,,
,,Archilochus colubris,,,,,,,,,,
,,thornbill,,,,,,,,,,
,,caprimulgiform bird,,,,,,,,,,
,,goatsucker,,,,,,,,,,
,,nightjar,,,,,,,,,,
,,caprimulgid,,,,,,,,,,
,,European goatsucker,,,,,,,,,,
,,European nightjar,,,,,,,,,,
,,Caprimulgus europaeus,,,,,,,,,,
,,chuckwill'swidow,,,,,,,,,,
,,Caprimulgus carolinensis,,,,,,,,,,
,,whippoorwill,,,,,,,,,,
,,Caprimulgus vociferus,,,,,,,,,,
,,nighthawk,,,,,,,,,,
,,bullbat,,,,,,,,,,
,,mosquito hawk,,,,,,,,,,
,,poorwill,,,,,,,,,,
,,Phalaenoptilus nuttallii,,,,,,,,,,
,,frogmouth,,,,,,,,,,
,,oilbird,,,,,,,,,,
,,guacharo,,,,,,,,,,
,,Steatornis caripensis,,,,,,,,,,
,,piciform bird,,,,,,,,,,
,,woodpecker,,,,,,,,,,
,,peckerwood,,,,,,,,,,
,,pecker,,,,,,,,,,
,,green woodpecker,,,,,,,,,,
,,Picus viridis,,,,,,,,,,
,,downy woodpecker,,,,,,,,,,
,,flicker,,,,,,,,,,
,,yellowshafted flicker,,,,,,,,,,
,,Colaptes auratus,,,,,,,,,,
,,yellowhammer,,,,,,,,,,
,,gilded flicker,,,,,,,,,,
,,Colaptes chrysoides,,,,,,,,,,
,,redshafted flicker,,,,,,,,,,
,,Colaptes caper collaris,,,,,,,,,,
,,ivorybill,,,,,,,,,,
,,ivorybilled woodpecker,,,,,,,,,,
,,Campephilus principalis,,,,,,,,,,
,,redheaded woodpecker,,,,,,,,,,
,,redhead,,,,,,,,,,
,,Melanerpes erythrocephalus,,,,,,,,,,
,,sapsucker,,,,,,,,,,
,,yellowbellied sapsucker,,,,,,,,,,
,,Sphyrapicus varius,,,,,,,,,,
,,redbreasted sapsucker,,,,,,,,,,
,,Sphyrapicus varius ruber,,,,,,,,,,
,,wryneck,,,,,,,,,,
,,piculet,,,,,,,,,,
,,barbet,,,,,,,,,,
,,puffbird,,,,,,,,,,
,,honey guide,,,,,,,,,,
,,jacamar,,,,,,,,,,
,,toucan,,,,,,,,,,
,,toucanet,,,,,,,,,,
,,trogon,,,,,,,,,,
,,quetzal,,,,,,,,,,
,,quetzal bird,,,,,,,,,,
,,resplendent quetzel,,,,,,,,,,
,,resplendent trogon,,,,,,,,,,
,,Pharomacrus mocino,,,,,,,,,,
,,aquatic bird,,,,,,,,,,
,,waterfowl,,,,,,,,,,
,,water bird,,,,,,,,,,
,,waterbird,,,,,,,,,,
,,screamer,,,,,,,,,,
,,horned screamer,,,,,,,,,,
,,Anhima cornuta,,,,,,,,,,
,,crested screamer,,,,,,,,,,
,,chaja,,,,,,,,,,
,,Chauna torquata,,,,,,,,,,
,,anseriform bird,,,,,,,,,,
,,goose,,,,,,,,,,
,,gosling,,,,,,,,,,
,,gander,,,,,,,,,,
,,Chinese goose,,,,,,,,,,
,,Anser cygnoides,,,,,,,,,,
,,greylag,,,,,,,,,,
,,graylag,,,,,,,,,,
,,greylag goose,,,,,,,,,,
,,graylag goose,,,,,,,,,,
,,Anser anser,,,,,,,,,,
,,blue goose,,,,,,,,,,
,,Chen caerulescens,,,,,,,,,,
,,snow goose,,,,,,,,,,
,,brant,,,,,,,,,,
,,brant goose,,,,,,,,,,
,,brent,,,,,,,,,,
,,brent goose,,,,,,,,,,
,,common brant goose,,,,,,,,,,
,,Branta bernicla,,,,,,,,,,
,,honker,,,,,,,,,,
,,Canada goose,,,,,,,,,,
,,Canadian goose,,,,,,,,,,
,,Branta canadensis,,,,,,,,,,
,,barnacle goose,,,,,,,,,,
,,barnacle,,,,,,,,,,
,,Branta leucopsis,,,,,,,,,,
,,duck,,,,,,,,,,
,,drake,,,,,,,,,,
,,quackquack,,,,,,,,,,
,,duckling,,,,,,,,,,
,,diving duck,,,,,,,,,,
,,dabbling duck,,,,,,,,,,
,,dabbler,,,,,,,,,,
,,mallard,,,,,,,,,,
,,Anas platyrhynchos,,,,,,,,,,
,,black duck,,,,,,,,,,
,,Anas rubripes,,,,,,,,,,
,,teal,,,,,,,,,,
,,greenwing,,,,,,,,,,
,,greenwinged teal,,,,,,,,,,
,,Anas crecca,,,,,,,,,,
,,bluewing,,,,,,,,,,
,,bluewinged teal,,,,,,,,,,
,,Anas discors,,,,,,,,,,
,,garganey,,,,,,,,,,
,,Anas querquedula,,,,,,,,,,
,,widgeon,,,,,,,,,,
,,wigeon,,,,,,,,,,
,,Anas penelope,,,,,,,,,,
,,American widgeon,,,,,,,,,,
,,baldpate,,,,,,,,,,
,,Anas americana,,,,,,,,,,
,,shoveler,,,,,,,,,,
,,shoveller,,,,,,,,,,
,,broadbill,,,,,,,,,,
,,Anas clypeata,,,,,,,,,,
,,pintail,,,,,,,,,,
,,pintailed duck,,,,,,,,,,
,,Anas acuta,,,,,,,,,,
,,sheldrake,,,,,,,,,,
,,shelduck,,,,,,,,,,
,,ruddy duck,,,,,,,,,,
,,Oxyura jamaicensis,,,,,,,,,,
,,bufflehead,,,,,,,,,,
,,butterball,,,,,,,,,,
,,dipper,,,,,,,,,,
,,Bucephela albeola,,,,,,,,,,
,,goldeneye,,,,,,,,,,
,,whistler,,,,,,,,,,
,,Bucephela clangula,,,,,,,,,,
,,Barrow's goldeneye,,,,,,,,,,
,,Bucephala islandica,,,,,,,,,,
,,canvasback,,,,,,,,,,
,,canvasback duck,,,,,,,,,,
,,Aythya valisineria,,,,,,,,,,
,,pochard,,,,,,,,,,
,,Aythya ferina,,,,,,,,,,
,,redhead,,,,,,,,,,
,,Aythya americana,,,,,,,,,,
,,scaup,,,,,,,,,,
,,scaup duck,,,,,,,,,,
,,bluebill,,,,,,,,,,
,,broadbill,,,,,,,,,,
,,lesser scaup,,,,,,,,,,
,,lesser scaup duck,,,,,,,,,,
,,lake duck,,,,,,,,,,
,,Aythya affinis,,,,,,,,,,
,,greater scaup,,,,,,,,,,
,,Aythya marila,,,,,,,,,,
,,wild duck,,,,,,,,,,
,,wood duck,,,,,,,,,,
,,summer duck,,,,,,,,,,
,,wood widgeon,,,,,,,,,,
,,Aix sponsa,,,,,,,,,,
,,wood drake,,,,,,,,,,
,,mandarin duck,,,,,,,,,,
,,Aix galericulata,,,,,,,,,,
,,muscovy duck,,,,,,,,,,
,,musk duck,,,,,,,,,,
,,Cairina moschata,,,,,,,,,,
,,sea duck,,,,,,,,,,
,,eider,,,,,,,,,,
,,eider duck,,,,,,,,,,
,,scoter,,,,,,,,,,
,,scooter,,,,,,,,,,
,,common scoter,,,,,,,,,,
,,Melanitta nigra,,,,,,,,,,
,,old squaw,,,,,,,,,,
,,oldwife,,,,,,,,,,
,,Clangula hyemalis,,,,,,,,,,
,,merganser,,,,,,,,,,
,,fish duck,,,,,,,,,,
,,sawbill,,,,,,,,,,
,,sheldrake,,,,,,,,,,
,,goosander,,,,,,,,,,
,,Mergus merganser,,,,,,,,,,
,,American merganser,,,,,,,,,,
,,Mergus merganser americanus,,,,,,,,,,
,,redbreasted merganser,,,,,,,,,,
,,Mergus serrator,,,,,,,,,,
,,smew,,,,,,,,,,
,,Mergus albellus,,,,,,,,,,
,,hooded merganser,,,,,,,,,,
,,hooded sheldrake,,,,,,,,,,
,,Lophodytes cucullatus,,,,,,,,,,
,,swan,,,,,,,,,,
,,coscoroba,,,,,,,,,,
,,cob,,,,,,,,,,
,,pen,,,,,,,,,,
,,cygnet,,,,,,,,,,
,,mute swan,,,,,,,,,,
,,Cygnus olor,,,,,,,,,,
,,whooper,,,,,,,,,,
,,whooper swan,,,,,,,,,,
,,Cygnus cygnus,,,,,,,,,,
,,tundra swan,,,,,,,,,,
,,Cygnus columbianus,,,,,,,,,,
,,whistling swan,,,,,,,,,,
,,Cygnus columbianus columbianus,,,,,,,,,,
,,Bewick's swan,,,,,,,,,,
,,Cygnus columbianus bewickii,,,,,,,,,,
,,trumpeter,,,,,,,,,,
,,trumpeter swan,,,,,,,,,,
,,Cygnus buccinator,,,,,,,,,,
,,black swan,,,,,,,,,,
,,Cygnus atratus,,,,,,,,,,
,,wading bird,,,,,,,,,,
,,wader,,,,,,,,,,
,,stork,,,,,,,,,,
,,white stork,,,,,,,,,,
,,Ciconia ciconia,,,,,,,,,,
,,black stork,,,,,,,,,,
,,Ciconia nigra,,,,,,,,,,
,,adjutant bird,,,,,,,,,,
,,adjutant,,,,,,,,,,
,,adjutant stork,,,,,,,,,,
,,Leptoptilus dubius,,,,,,,,,,
,,marabou,,,,,,,,,,
,,marabout,,,,,,,,,,
,,marabou stork,,,,,,,,,,
,,Leptoptilus crumeniferus,,,,,,,,,,
,,openbill,,,,,,,,,,
,,jabiru,,,,,,,,,,
,,Jabiru mycteria,,,,,,,,,,
,,saddlebill,,,,,,,,,,
,,jabiru,,,,,,,,,,
,,Ephippiorhynchus senegalensis,,,,,,,,,,
,,policeman bird,,,,,,,,,,
,,blacknecked stork,,,,,,,,,,
,,jabiru,,,,,,,,,,
,,Xenorhyncus asiaticus,,,,,,,,,,
,,wood ibis,,,,,,,,,,
,,wood stork,,,,,,,,,,
,,flinthead,,,,,,,,,,
,,Mycteria americana,,,,,,,,,,
,,shoebill,,,,,,,,,,
,,shoebird,,,,,,,,,,
,,Balaeniceps rex,,,,,,,,,,
,,ibis,,,,,,,,,,
,,wood ibis,,,,,,,,,,
,,wood stork,,,,,,,,,,
,,Ibis ibis,,,,,,,,,,
,,sacred ibis,,,,,,,,,,
,,Threskiornis aethiopica,,,,,,,,,,
,,spoonbill,,,,,,,,,,
,,roseate spoonbill,,,,,,,,,,
,,Ajaia ajaja,,,,,,,,,,
,,common spoonbill,,,,,,,,,,
,,Platalea leucorodia,,,,,,,,,,
,,flamingo,,,,,,,,,,
,,heron,,,,,,,,,,
,,great blue heron,,,,,,,,,,
,,Ardea herodius,,,,,,,,,,
,,great white heron,,,,,,,,,,
,,Ardea occidentalis,,,,,,,,,,
,,egret,,,,,,,,,,
,,snowy egret,,,,,,,,,,
,,snowy heron,,,,,,,,,,
,,Egretta thula,,,,,,,,,,
,,little egret,,,,,,,,,,
,,Egretta garzetta,,,,,,,,,,
,,great white heron,,,,,,,,,,
,,Casmerodius albus,,,,,,,,,,
,,American egret,,,,,,,,,,
,,great white heron,,,,,,,,,,
,,Egretta albus,,,,,,,,,,
,,cattle egret,,,,,,,,,,
,,Bubulcus ibis,,,,,,,,,,
,,little blue heron,,,,,,,,,,
,,Egretta caerulea,,,,,,,,,,
,,night heron,,,,,,,,,,
,,night raven,,,,,,,,,,
,,blackcrowned night heron,,,,,,,,,,
,,Nycticorax nycticorax,,,,,,,,,,
,,yellowcrowned night heron,,,,,,,,,,
,,Nyctanassa violacea,,,,,,,,,,
,,boatbill,,,,,,,,,,
,,boatbilled heron,,,,,,,,,,
,,broadbill,,,,,,,,,,
,,Cochlearius cochlearius,,,,,,,,,,
,,bittern,,,,,,,,,,
,,American bittern,,,,,,,,,,
,,stake driver,,,,,,,,,,
,,Botaurus lentiginosus,,,,,,,,,,
,,European bittern,,,,,,,,,,
,,Botaurus stellaris,,,,,,,,,,
,,least bittern,,,,,,,,,,
,,Ixobrychus exilis,,,,,,,,,,
,,crane,,,,,,,,,,
,,whooping crane,,,,,,,,,,
,,whooper,,,,,,,,,,
,,Grus americana,,,,,,,,,,
,,courlan,,,,,,,,,,
,,Aramus guarauna,,,,,,,,,,
,,limpkin,,,,,,,,,,
,,Aramus pictus,,,,,,,,,,
,,crested cariama,,,,,,,,,,
,,seriema,,,,,,,,,,
,,Cariama cristata,,,,,,,,,,
,,chunga,,,,,,,,,,
,,seriema,,,,,,,,,,
,,Chunga burmeisteri,,,,,,,,,,
,,rail,,,,,,,,,,
,,weka,,,,,,,,,,
,,maori hen,,,,,,,,,,
,,wood hen,,,,,,,,,,
,,crake,,,,,,,,,,
,,corncrake,,,,,,,,,,
,,land rail,,,,,,,,,,
,,Crex crex,,,,,,,,,,
,,spotted crake,,,,,,,,,,
,,Porzana porzana,,,,,,,,,,
,,notornis,,,,,,,,,,
,,takahe,,,,,,,,,,
,,Notornis mantelli,,,,,,,,,,
,,coot,,,,,,,,,,
,,American coot,,,,,,,,,,
,,marsh hen,,,,,,,,,,
,,mud hen,,,,,,,,,,
,,water hen,,,,,,,,,,
,,Fulica americana,,,,,,,,,,
,,Old World coot,,,,,,,,,,
,,Fulica atra,,,,,,,,,,
,,bustard,,,,,,,,,,
,,great bustard,,,,,,,,,,
,,Otis tarda,,,,,,,,,,
,,plain turkey,,,,,,,,,,
,,Choriotis australis,,,,,,,,,,
,,button quail,,,,,,,,,,
,,buttonquail,,,,,,,,,,
,,bustard quail,,,,,,,,,,
,,hemipode,,,,,,,,,,
,,striped button quail,,,,,,,,,,
,,Turnix sylvatica,,,,,,,,,,
,,ortygan,,,,,,,,,,
,,plain wanderer,,,,,,,,,,
,,Pedionomus torquatus,,,,,,,,,,
,,trumpeter,,,,,,,,,,
,,Brazilian trumpeter,,,,,,,,,,
,,Psophia crepitans,,,,,,,,,,
,,shorebird,,,,,,,,,,
,,shore bird,,,,,,,,,,
,,limicoline bird,,,,,,,,,,
,,plover,,,,,,,,,,
,,piping plover,,,,,,,,,,
,,Charadrius melodus,,,,,,,,,,
,,killdeer,,,,,,,,,,
,,kildeer,,,,,,,,,,
,,killdeer plover,,,,,,,,,,
,,Charadrius vociferus,,,,,,,,,,
,,dotterel,,,,,,,,,,
,,dotrel,,,,,,,,,,
,,Charadrius morinellus,,,,,,,,,,
,,Eudromias morinellus,,,,,,,,,,
,,golden plover,,,,,,,,,,
,,lapwing,,,,,,,,,,
,,green plover,,,,,,,,,,
,,peewit,,,,,,,,,,
,,pewit,,,,,,,,,,
,,turnstone,,,,,,,,,,
,,ruddy turnstone,,,,,,,,,,
,,Arenaria interpres,,,,,,,,,,
,,black turnstone,,,,,,,,,,
,,ArenariaMelanocephala,,,,,,,,,,
,,sandpiper,,,,,,,,,,
,,European sandpiper,,,,,,,,,,
,,Actitis hypoleucos,,,,,,,,,,
,,spotted sandpiper,,,,,,,,,,
,,Actitis macularia,,,,,,,,,,
,,least sandpiper,,,,,,,,,,
,,stint,,,,,,,,,,
,,Erolia minutilla,,,,,,,,,,
,,redbacked sandpiper,,,,,,,,,,
,,dunlin,,,,,,,,,,
,,Erolia alpina,,,,,,,,,,
,,greenshank,,,,,,,,,,
,,Tringa nebularia,,,,,,,,,,
,,redshank,,,,,,,,,,
,,Tringa totanus,,,,,,,,,,
,,yellowlegs,,,,,,,,,,
,,greater yellowlegs,,,,,,,,,,
,,Tringa melanoleuca,,,,,,,,,,
,,lesser yellowlegs,,,,,,,,,,
,,Tringa flavipes,,,,,,,,,,
,,pectoral sandpiper,,,,,,,,,,
,,jacksnipe,,,,,,,,,,
,,Calidris melanotos,,,,,,,,,,
,,knot,,,,,,,,,,
,,greyback,,,,,,,,,,
,,grayback,,,,,,,,,,
,,Calidris canutus,,,,,,,,,,
,,curlew sandpiper,,,,,,,,,,
,,Calidris Ferruginea,,,,,,,,,,
,,sanderling,,,,,,,,,,
,,Crocethia alba,,,,,,,,,,
,,upland sandpiper,,,,,,,,,,
,,upland plover,,,,,,,,,,
,,Bartramian sandpiper,,,,,,,,,,
,,Bartramia longicauda,,,,,,,,,,
,,ruff,,,,,,,,,,
,,Philomachus pugnax,,,,,,,,,,
,,reeve,,,,,,,,,,
,,tattler,,,,,,,,,,
,,willet,,,,,,,,,,
,,Catoptrophorus semipalmatus,,,,,,,,,,
,,Polynesian tattler,,,,,,,,,,
,,Heteroscelus incanus,,,,,,,,,,
,,surfbird,,,,,,,,,,
,,Aphriza virgata,,,,,,,,,,
,,woodcock,,,,,,,,,,
,,Eurasian woodcock,,,,,,,,,,
,,Scolopax rusticola,,,,,,,,,,
,,American woodcock,,,,,,,,,,
,,woodcock snipe,,,,,,,,,,
,,Philohela minor,,,,,,,,,,
,,snipe,,,,,,,,,,
,,whole snipe,,,,,,,,,,
,,Gallinago gallinago,,,,,,,,,,
,,Wilson's snipe,,,,,,,,,,
,,Gallinago gallinago delicata,,,,,,,,,,
,,great snipe,,,,,,,,,,
,,woodcock snipe,,,,,,,,,,
,,Gallinago media,,,,,,,,,,
,,jacksnipe,,,,,,,,,,
,,half snipe,,,,,,,,,,
,,Limnocryptes minima,,,,,,,,,,
,,dowitcher,,,,,,,,,,
,,redbreasted snipe,,,,,,,,,,
,,Limnodromus scolopaceus,,,,,,,,,,
,,greyback,,,,,,,,,,
,,grayback,,,,,,,,,,
,,Limnodromus griseus,,,,,,,,,,
,,curlew,,,,,,,,,,
,,European curlew,,,,,,,,,,
,,Numenius arquata,,,,,,,,,,
,,Eskimo curlew,,,,,,,,,,
,,Numenius borealis,,,,,,,,,,
,,godwit,,,,,,,,,,
,,Hudsonian godwit,,,,,,,,,,
,,Limosa haemastica,,,,,,,,,,
,,stilt,,,,,,,,,,
,,stiltbird,,,,,,,,,,
,,longlegs,,,,,,,,,,
,,longlegs,,,,,,,,,,
,,stilt plover,,,,,,,,,,
,,Himantopus stilt,,,,,,,,,,
,,blacknecked stilt,,,,,,,,,,
,,Himantopus mexicanus,,,,,,,,,,
,,blackwinged stilt,,,,,,,,,,
,,Himantopus himantopus,,,,,,,,,,
,,whiteheaded stilt,,,,,,,,,,
,,Himantopus himantopus leucocephalus,,,,,,,,,,
,,kaki,,,,,,,,,,
,,Himantopus novaezelandiae,,,,,,,,,,
,,stilt,,,,,,,,,,
,,Australian stilt,,,,,,,,,,
,,banded stilt,,,,,,,,,,
,,Cladorhyncus leucocephalum,,,,,,,,,,
,,avocet,,,,,,,,,,
,,oystercatcher,,,,,,,,,,
,,oyster catcher,,,,,,,,,,
,,phalarope,,,,,,,,,,
,,red phalarope,,,,,,,,,,
,,Phalaropus fulicarius,,,,,,,,,,
,,northern phalarope,,,,,,,,,,
,,Lobipes lobatus,,,,,,,,,,
,,Wilson's phalarope,,,,,,,,,,
,,Steganopus tricolor,,,,,,,,,,
,,pratincole,,,,,,,,,,
,,glareole,,,,,,,,,,
,,courser,,,,,,,,,,
,,crocodile bird,,,,,,,,,,
,,Pluvianus aegyptius,,,,,,,,,,
,,creamcolored courser,,,,,,,,,,
,,Cursorius cursor,,,,,,,,,,
,,stone curlew,,,,,,,,,,
,,thickknee,,,,,,,,,,
,,Burhinus oedicnemus,,,,,,,,,,
,,gallinule,,,,,,,,,,
,,marsh hen,,,,,,,,,,
,,water hen,,,,,,,,,,
,,swamphen,,,,,,,,,,
,,Florida gallinule,,,,,,,,,,
,,Gallinula chloropus cachinnans,,,,,,,,,,
,,moorhen,,,,,,,,,,
,,Gallinula chloropus,,,,,,,,,,
,,purple gallinule,,,,,,,,,,
,,American gallinule,,,,,,,,,,
,,Porphyrula martinica,,,,,,,,,,
,,European gallinule,,,,,,,,,,
,,Porphyrio porphyrio,,,,,,,,,,
,,seabird,,,,,,,,,,
,,sea bird,,,,,,,,,,
,,seafowl,,,,,,,,,,
,,coastal diving bird,,,,,,,,,,
,,larid,,,,,,,,,,
,,tern,,,,,,,,,,
,,sea swallow,,,,,,,,,,
,,Sterna hirundo,,,,,,,,,,
,,gull,,,,,,,,,,
,,seagull,,,,,,,,,,
,,sea gull,,,,,,,,,,
,,mew,,,,,,,,,,
,,mew gull,,,,,,,,,,
,,sea mew,,,,,,,,,,
,,Larus canus,,,,,,,,,,
,,blackbacked gull,,,,,,,,,,
,,great blackbacked gull,,,,,,,,,,
,,cob,,,,,,,,,,
,,Larus marinus,,,,,,,,,,
,,herring gull,,,,,,,,,,
,,Larus argentatus,,,,,,,,,,
,,laughing gull,,,,,,,,,,
,,blackcap,,,,,,,,,,
,,pewit,,,,,,,,,,
,,pewit gull,,,,,,,,,,
,,Larus ridibundus,,,,,,,,,,
,,ivory gull,,,,,,,,,,
,,Pagophila eburnea,,,,,,,,,,
,,kittiwake,,,,,,,,,,
,,skimmer,,,,,,,,,,
,,jaeger,,,,,,,,,,
,,skua,,,,,,,,,,
,,bonxie,,,,,,,,,,
,,great skua,,,,,,,,,,
,,Catharacta skua,,,,,,,,,,
,,parasitic jaeger,,,,,,,,,,
,,arctic skua,,,,,,,,,,
,,Stercorarius parasiticus,,,,,,,,,,
,,auk,,,,,,,,,,
,,auklet,,,,,,,,,,
,,razorbill,,,,,,,,,,
,,razorbilled auk,,,,,,,,,,
,,Alca torda,,,,,,,,,,
,,little auk,,,,,,,,,,
,,dovekie,,,,,,,,,,
,,Plautus alle,,,,,,,,,,
,,great auk,,,,,,,,,,
,,Pinguinus impennis,,,,,,,,,,
,,guillemot,,,,,,,,,,
,,black guillemot,,,,,,,,,,
,,Cepphus grylle,,,,,,,,,,
,,pigeon guillemot,,,,,,,,,,
,,Cepphus columba,,,,,,,,,,
,,murre,,,,,,,,,,
,,common murre,,,,,,,,,,
,,Uria aalge,,,,,,,,,,
,,thickbilled murre,,,,,,,,,,
,,Uria lomvia,,,,,,,,,,
,,puffin,,,,,,,,,,
,,Atlantic puffin,,,,,,,,,,
,,Fratercula arctica,,,,,,,,,,
,,horned puffin,,,,,,,,,,
,,Fratercula corniculata,,,,,,,,,,
,,tufted puffin,,,,,,,,,,
,,Lunda cirrhata,,,,,,,,,,
,,gaviiform seabird,,,,,,,,,,
,,loon,,,,,,,,,,
,,diver,,,,,,,,,,
,,podicipitiform seabird,,,,,,,,,,
,,grebe,,,,,,,,,,
,,great crested grebe,,,,,,,,,,
,,Podiceps cristatus,,,,,,,,,,
,,rednecked grebe,,,,,,,,,,
,,Podiceps grisegena,,,,,,,,,,
,,blacknecked grebe,,,,,,,,,,
,,eared grebe,,,,,,,,,,
,,Podiceps nigricollis,,,,,,,,,,
,,dabchick,,,,,,,,,,
,,little grebe,,,,,,,,,,
,,Podiceps ruficollis,,,,,,,,,,
,,piedbilled grebe,,,,,,,,,,
,,Podilymbus podiceps,,,,,,,,,,
,,pelecaniform seabird,,,,,,,,,,
,,pelican,,,,,,,,,,
,,Old world white pelican,,,,,,,,,,
,,Pelecanus onocrotalus,,,,,,,,,,
,,white pelican,,,,,,,,,,
,,Pelecanus erythrorhynchos,,,,,,,,,,
,,frigate bird,,,,,,,,,,
,,manofwar bird,,,,,,,,,,
,,gannet,,,,,,,,,,
,,solan,,,,,,,,,,
,,solan goose,,,,,,,,,,
,,solant goose,,,,,,,,,,
,,Sula bassana,,,,,,,,,,
,,booby,,,,,,,,,,
,,cormorant,,,,,,,,,,
,,Phalacrocorax carbo,,,,,,,,,,
,,snakebird,,,,,,,,,,
,,anhinga,,,,,,,,,,
,,darter,,,,,,,,,,
,,water turkey,,,,,,,,,,
,,Anhinga anhinga,,,,,,,,,,
,,tropic bird,,,,,,,,,,
,,tropicbird,,,,,,,,,,
,,boatswain bird,,,,,,,,,,
,,sphenisciform seabird,,,,,,,,,,
,,penguin,,,,,,,,,,
,,Adelie,,,,,,,,,,
,,Adelie penguin,,,,,,,,,,
,,Pygoscelis adeliae,,,,,,,,,,
,,king penguin,,,,,,,,,,
,,Aptenodytes patagonica,,,,,,,,,,
,,emperor penguin,,,,,,,,,,
,,Aptenodytes forsteri,,,,,,,,,,
,,jackass penguin,,,,,,,,,,
,,Spheniscus demersus,,,,,,,,,,
,,rock hopper,,,,,,,,,,
,,crested penguin,,,,,,,,,,
,,pelagic bird,,,,,,,,,,
,,oceanic bird,,,,,,,,,,
,,procellariiform seabird,,,,,,,,,,
,,albatross,,,,,,,,,,
,,mollymawk,,,,,,,,,,
,,wandering albatross,,,,,,,,,,
,,Diomedea exulans,,,,,,,,,,
,,blackfooted albatross,,,,,,,,,,
,,gooney,,,,,,,,,,
,,gooney bird,,,,,,,,,,
,,goonie,,,,,,,,,,
,,goony,,,,,,,,,,
,,Diomedea nigripes,,,,,,,,,,
,,petrel,,,,,,,,,,
,,whitechinned petrel,,,,,,,,,,
,,Procellaria aequinoctialis,,,,,,,,,,
,,giant petrel,,,,,,,,,,
,,giant fulmar,,,,,,,,,,
,,Macronectes giganteus,,,,,,,,,,
,,fulmar,,,,,,,,,,
,,fulmar petrel,,,,,,,,,,
,,Fulmarus glacialis,,,,,,,,,,
,,shearwater,,,,,,,,,,
,,Manx shearwater,,,,,,,,,,
,,Puffinus puffinus,,,,,,,,,,
,,storm petrel,,,,,,,,,,
,,stormy petrel,,,,,,,,,,
,,northern storm petrel,,,,,,,,,,
,,Hydrobates pelagicus,,,,,,,,,,
,,Mother Carey's chicken,,,,,,,,,,
,,Mother Carey's hen,,,,,,,,,,
,,Oceanites oceanicus,,,,,,,,,,
,,diving petrel,,,,,,,,,,
,,twitterer,,,,,,,,,,
,,,,,,,,,,,,
,,,,,,,,,,,,
,,,,,,,,,,,,
,,,,,,,,,,,,
,,,,,,,,,,,,
,,,,,,,,,,,,
,,,,,,,,,,,,
,,,,,,,,,,,,
,,,,,,,,,,,,
,,,,,,,,,,,,
,,,,,,,,,,,,
,,,,,,,,,,,,
,,,,,,,,,,,,
,,,,,,,,,,,,
,,,,,,,,,,,,
,,,,,,,,,,,,
,,,,,,,,,,,,
,,,,,,,,,,,,
,,,,,,,,,,,,
,,,,,,,,,,,,
,,,,,,,,,,,,
,,,,,,,,,,,,
,,,,,,,,,,,,
,,,,,,,,,,,,
,,,,,,,,,,,,
,,,,,,,,,,,,
,,,,,,,,,,,,
,,,,,,,,,,,,
,,,,,,,,,,,,
,,,,,,,,,,,,
,,,,,,,,,,,,
,,,,,,,,,,,,
,,,,,,,,,,,,
,,,,,,,,,,,,
,,,,,,,,,,,,
,,,,,,,,,,,,
,,,,,,,,,,,,
,,,,,,,,,,,,
,,,,,,,,,,,,
,,,,,,,,,,,,
,,,,,,,,,,,,
,,,,,,,,,,,,
,,,,,,,,,,,,
,,,,,,,,,,,,
,,,,,,,,,,,,
,,,,,,,,,,,,
,,,,,,,,,,,,
,,,,,,,,,,,,
,,,,,,,,,,,,
,,,,,,,,,,,,
,,,,,,,,,,,,
,,,,,,,,,,,,
,,,,,,,,,,,,
,,,,,,,,,,,,
,,,,,,,,,,,,
,,,,,,,,,,,,
,,,,,,,,,,,,
,,,,,,,,,,,,
,,,,,,,,,,,,
,,,,,,,,,,,,
,,,,,,,,,,,,
,,,,,,,,,,,,
,,,,,,,,,,,,
,,,,,,,,,,,,
,,,,,,,,,,,,
,,,,,,,,,,,,
,,,,,,,,,,,,
,,,,,,,,,,,,
,,,,,,,,,,,,
,,,,,,,,,,,,
,,,,,,,,,,,,
,,,,,,,,,,,,
,,,,,,,,,,,,
,,,,,,,,,,,,
,,,,,,,,,,,,
,,,,,,,,,,,,
,,,,,,,,,,,,
,,,,,,,,,,,,
,,,,,,,,,,,,
,,,,,,,,,,,,
,,,,,,,,,,,,
,,,,,,,,,,,,
,,,,,,,,,,,,
,,,,,,,,,,,,
,,,,,,,,,,,,
,,,,,,,,,,,,
,,,,,,,,,,,,
,,,,,,,,,,,,
,,,,,,,,,,,,
,,,,,,,,,,,,
,,,,,,,,,,,,
,,,,,,,,,,,,
,,,,,,,,,,,,
,,,,,,,,,,,,
,,,,,,,,,,,,
,,,,,,,,,,,,
,,,,,,,,,,,,
,,,,,,,,,,,,
,,,,,,,,,,,,
,,,,,,,,,,,,
,,,,,,,,,,,,
,,,,,,,,,,,,
,,,,,,,,,,,,
,,,,,,,,,,,,
,,,,,,,,,,,,
,,,,,,,,,,,,
,,,,,,,,,,,,
,,,,,,,,,,,,
,,,,,,,,,,,,
,,,,,,,,,,,,
,,,,,,,,,,,,
,,,,,,,,,,,,
,,,,,,,,,,,,
,,,,,,,,,,,,
,,,,,,,,,,,,
,,,,,,,,,,,,
,,,,,,,,,,,,
,,,,,,,,,,,,
,,,,,,,,,,,,
,,,,,,,,,,,,
,,,,,,,,,,,,
,,,,,,,,,,,,
,,,,,,,,,,,,
,,,,,,,,,,,,
,,,,,,,,,,,,
,,,,,,,,,,,,
,,,,,,,,,,,,
,,,,,,,,,,,,
,,,,,,,,,,,,
,,,,,,,,,,,,
,,,,,,,,,,,,
,,,,,,,,,,,,
,,,,,,,,,,,,
,,,,,,,,,,,,
,,,,,,,,,,,,
,,,,,,,,,,,,
,,,,,,,,,,,,
,,,,,,,,,,,,
,,,,,,,,,,,,
,,,,,,,,,,,,
,,,,,,,,,,,,
cat,,,,,,,,,,,,
,,,,,,,,,,,,
,,,,,,,,,,,,
,,,,,,,,,,,,
,,,,,,,,,,,,
,,,,,,,,,,,,
,,,,,,,,,,,,
,,,,,,,,,,,,
,,,,,,,,,,,,
,,,,,,,,,,,,
,,,,,,,,,,,,
,,,,,,,,,,,,
,,,,,,,,,,,,
,,,,,,,,,,,,
,,,,,,,,,,,,
,,,,,,,,,,,,
,,,,,,,,,,,,
,,,,,,,,,,,,
,,,,,,,,,,,,
,,,,,,,,,,,,
,,,,,,,,,,,,
,,,,,,,,,,,,
,,,,,,,,,,,,
,,,,,,,,,,,,
,,,,,,,,,,,,
,,,,,,,,,,,,
,,,,,,,,,,,,
,,,,,,,,,,,,
,,,,,,,,,,,,
,,,,,,,,,,,,
,,,,,,,,,,,,
,,,,,,,,,,,,
,,,,,,,,,,,,
,,,,,,,,,,,,
,,,,,,,,,,,,
,,,,,,,,,,,,
,,,,,,,,,,,,
,,,,,,,,,,,,
,,,,,,,,,,,,
,,,,,,,,,,,,
,,,,,,,,,,,,
,,,,,,,,,,,,
,,,,,,,,,,,,
,,,,,,,,,,,,
,,,,,,,,,,,,
,,,,,,,,,,,,
,,,,,,,,,,,,
,,,,,,,,,,,,
,,,,,,,,,,,,
,,,,,,,,,,,,
,,,,,,,,,,,,
,,,,,,,,,,,,
,,,,,,,,,,,,
,,,,,,,,,,,,
,,,,,,,,,,,,
,,,,,,,,,,,,
,,,,,,,,,,,,
,,,,,,,,,,,,
,,,,,,,,,,,,
,,,,,,,,,,,,
,,,,,,,,,,,,
,,,,,,,,,,,,
,,,,,,,,,,,,
,,,,,,,,,,,,
,,,,,,,,,,,,
,,,,,,,,,,,,
,,,,,,,,,,,,
,,,,,,,,,,,,
,,,,,,,,,,,,
,,,,,,,,,,,,
,,,,,,,,,,,,
,,,,,,,,,,,,
,,,,,,,,,,,,
,,,,,,,,,,,,
,,,,,,,,,,,,
,,,,,,,,,,,,
,,,,,,,,,,,,
,,,,,,,,,,,,
,,,,,,,,,,,,
,,,,,,,,,,,,
,,,,,,,,,,,,
,,,,,,,,,,,,
,,,,,,,,,,,,
,,,,,,,,,,,,
,,,,,,,,,,,,
,,,,,,,,,,,,
,,,,,,,,,,,,
,,,,,,,,,,,,
,,,,,,,,,,,,
,,,,,,,,,,,,
,,,,,,,,,,,,
,,,,,,,,,,,,
,,,,,,,,,,,,
,,,,,,,,,,,,
,,,,,,,,,,,,
,,,,,,,,,,,,
,,,,,,,,,,,,
,,,,,,,,,,,,
,,,,,,,,,,,,
,,,,,,,,,,,,
,,,,,,,,,,,,
,,,,,,,,,,,,
,,,,,,,,,,,,
,,,,,,,,,,,,
,,,,,,,,,,,,
,,,,,,,,,,,,
,,,,,,,,,,,,
,,,,,,,,,,,,
,,,,,,,,,,,,
,,,,,,,,,,,,
,,,,,,,,,,,,
,,,,,,,,,,,,
deer,,,,,,,,,,,,
,,,,,,,,,,,,
,,,,,,,,,,,,
,,,,,,,,,,,,
,,,,,,,,,,,,
,,,,,,,,,,,,
,,,,,,,,,,,,
,,,,,,,,,,,,
,,,,,,,,,,,,
,,,,,,,,,,,,
,,,,,,,,,,,,
,,,,,,,,,,,,
,,,,,,,,,,,,
,,,,,,,,,,,,
,,,,,,,,,,,,
,,,,,,,,,,,,
,,,,,,,,,,,,
,,,,,,,,,,,,
,,,,,,,,,,,,
,,,,,,,,,,,,
,,,,,,,,,,,,
,,,,,,,,,,,,
,,,,,,,,,,,,
,,,,,,,,,,,,
,,,,,,,,,,,,
,,,,,,,,,,,,
,,,,,,,,,,,,
,,,,,,,,,,,,
,,,,,,,,,,,,
,,,,,,,,,,,,
,,,,,,,,,,,,
,,,,,,,,,,,,
,,,,,,,,,,,,
,,,,,,,,,,,,
,,,,,,,,,,,,
,,,,,,,,,,,,
,,,,,,,,,,,,
,,,,,,,,,,,,
,,,,,,,,,,,,
,,,,,,,,,,,,
,,,,,,,,,,,,
,,,,,,,,,,,,
,,,,,,,,,,,,
,,,,,,,,,,,,
,,,,,,,,,,,,
,,,,,,,,,,,,
,,,,,,,,,,,,
,,,,,,,,,,,,
,,,,,,,,,,,,
,,,,,,,,,,,,
,,,,,,,,,,,,
,,,,,,,,,,,,
,,,,,,,,,,,,
,,,,,,,,,,,,
,,,,,,,,,,,,
,,,,,,,,,,,,
,,,,,,,,,,,,
,,,,,,,,,,,,
,,,,,,,,,,,,
,,,,,,,,,,,,
,,,,,,,,,,,,
,,,,,,,,,,,,
,,,,,,,,,,,,
,,,,,,,,,,,,
,,,,,,,,,,,,
,,,,,,,,,,,,
,,,,,,,,,,,,
,,,,,,,,,,,,
,,,,,,,,,,,,
,,,,,,,,,,,,
,,,,,,,,,,,,
,,,,,,,,,,,,
,,,,,,,,,,,,
,,,,,,,,,,,,
,,,,,,,,,,,,
,,,,,,,,,,,,
,,,,,,,,,,,,
,,,,,,,,,,,,
,,,,,,,,,,,,
,,,,,,,,,,,,
,,,,,,,,,,,,
,,,,,,,,,,,,
,,,,,,,,,,,,
,,,,,,,,,,,,
,,,,,,,,,,,,
,,,,,,,,,,,,
,,,,,,,,,,,,
,,,,,,,,,,,,
dog,,,,,,,,,,,,
,,,,,,,,,,,,
,,,,,,,,,,,,
,,,,,,,,,,,,
,,,,,,,,,,,,
,,,,,,,,,,,,
,,,,,,,,,,,,
,,,,,,,,,,,,
,,,,,,,,,,,,
,,,,,,,,,,,,
,,,,,,,,,,,,
,,,,,,,,,,,,
,,,,,,,,,,,,
,,,,,,,,,,,,
,,,,,,,,,,,,
,,,,,,,,,,,,
,,,,,,,,,,,,
,,,,,,,,,,,,
,,,,,,,,,,,,
,,,,,,,,,,,,
,,,,,,,,,,,,
,,,,,,,,,,,,
,,,,,,,,,,,,
,,,,,,,,,,,,
,,,,,,,,,,,,
,,,,,,,,,,,,
,,,,,,,,,,,,
,,,,,,,,,,,,
,,,,,,,,,,,,
,,,,,,,,,,,,
,,,,,,,,,,,,
,,,,,,,,,,,,
,,,,,,,,,,,,
,,,,,,,,,,,,
,,,,,,,,,,,,
,,,,,,,,,,,,
,,,,,,,,,,,,
,,,,,,,,,,,,
,,,,,,,,,,,,
,,,,,,,,,,,,
,,,,,,,,,,,,
,,,,,,,,,,,,
,,,,,,,,,,,,
,,,,,,,,,,,,
,,,,,,,,,,,,
,,,,,,,,,,,,
,,,,,,,,,,,,
,,,,,,,,,,,,
,,,,,,,,,,,,
,,,,,,,,,,,,
,,,,,,,,,,,,
,,,,,,,,,,,,
,,,,,,,,,,,,
,,,,,,,,,,,,
,,,,,,,,,,,,
,,,,,,,,,,,,
,,,,,,,,,,,,
,,,,,,,,,,,,
,,,,,,,,,,,,
,,,,,,,,,,,,
,,,,,,,,,,,,
,,,,,,,,,,,,
,,,,,,,,,,,,
,,,,,,,,,,,,
,,,,,,,,,,,,
,,,,,,,,,,,,
,,,,,,,,,,,,
,,,,,,,,,,,,
,,,,,,,,,,,,
,,,,,,,,,,,,
,,,,,,,,,,,,
,,,,,,,,,,,,
,,,,,,,,,,,,
,,,,,,,,,,,,
,,,,,,,,,,,,
,,,,,,,,,,,,
,,,,,,,,,,,,
,,,,,,,,,,,,
,,,,,,,,,,,,
,,,,,,,,,,,,
,,,,,,,,,,,,
,,,,,,,,,,,,
,,,,,,,,,,,,
,,,,,,,,,,,,
,,,,,,,,,,,,
,,,,,,,,,,,,
,,,,,,,,,,,,
,,,,,,,,,,,,
,,,,,,,,,,,,
,,,,,,,,,,,,
,,,,,,,,,,,,
,,,,,,,,,,,,
,,,,,,,,,,,,
,,,,,,,,,,,,
,,,,,,,,,,,,
,,,,,,,,,,,,
,,,,,,,,,,,,
,,,,,,,,,,,,
,,,,,,,,,,,,
,,,,,,,,,,,,
,,,,,,,,,,,,
,,,,,,,,,,,,
,,,,,,,,,,,,
,,,,,,,,,,,,
,,,,,,,,,,,,
,,,,,,,,,,,,
,,,,,,,,,,,,
,,,,,,,,,,,,
,,,,,,,,,,,,
,,,,,,,,,,,,
,,,,,,,,,,,,
,,,,,,,,,,,,
,,,,,,,,,,,,
,,,,,,,,,,,,
,,,,,,,,,,,,
,,,,,,,,,,,,
,,,,,,,,,,,,
,,,,,,,,,,,,
,,,,,,,,,,,,
,,,,,,,,,,,,
,,,,,,,,,,,,
,,,,,,,,,,,,
,,,,,,,,,,,,
,,,,,,,,,,,,
,,,,,,,,,,,,
,,,,,,,,,,,,
,,,,,,,,,,,,
,,,,,,,,,,,,
,,,,,,,,,,,,
,,,,,,,,,,,,
,,,,,,,,,,,,
,,,,,,,,,,,,
,,,,,,,,,,,,
,,,,,,,,,,,,
,,,,,,,,,,,,
,,,,,,,,,,,,
,,,,,,,,,,,,
,,,,,,,,,,,,
,,,,,,,,,,,,
,,,,,,,,,,,,
,,,,,,,,,,,,
,,,,,,,,,,,,
,,,,,,,,,,,,
,,,,,,,,,,,,
,,,,,,,,,,,,
,,,,,,,,,,,,
,,,,,,,,,,,,
,,,,,,,,,,,,
,,,,,,,,,,,,
,,,,,,,,,,,,
,,,,,,,,,,,,
,,,,,,,,,,,,
,,,,,,,,,,,,
,,,,,,,,,,,,
,,,,,,,,,,,,
,,,,,,,,,,,,
,,,,,,,,,,,,
,,,,,,,,,,,,
,,,,,,,,,,,,
,,,,,,,,,,,,
,,,,,,,,,,,,
,,,,,,,,,,,,
,,,,,,,,,,,,
,,,,,,,,,,,,
,,,,,,,,,,,,
,,,,,,,,,,,,
,,,,,,,,,,,,
,,,,,,,,,,,,
,,,,,,,,,,,,
,,,,,,,,,,,,
,,,,,,,,,,,,
,,,,,,,,,,,,
,,,,,,,,,,,,
,,,,,,,,,,,,
,,,,,,,,,,,,
frog,,,,,,,,,,,,
,,,,,,,,,,,,
,,,,,,,,,,,,
,,,,,,,,,,,,
,,,,,,,,,,,,
,,,,,,,,,,,,
,,,,,,,,,,,,
,,,,,,,,,,,,
,,,,,,,,,,,,
,,,,,,,,,,,,
,,,,,,,,,,,,
,,,,,,,,,,,,
,,,,,,,,,,,,
,,,,,,,,,,,,
,,,,,,,,,,,,
,,,,,,,,,,,,
,,,,,,,,,,,,
,,,,,,,,,,,,
,,,,,,,,,,,,
,,,,,,,,,,,,
,,,,,,,,,,,,
,,,,,,,,,,,,
,,,,,,,,,,,,
,,,,,,,,,,,,
,,,,,,,,,,,,
,,,,,,,,,,,,
,,,,,,,,,,,,
,,,,,,,,,,,,
,,,,,,,,,,,,
,,,,,,,,,,,,
,,,,,,,,,,,,
,,,,,,,,,,,,
,,,,,,,,,,,,
,,,,,,,,,,,,
,,,,,,,,,,,,
,,,,,,,,,,,,
,,,,,,,,,,,,
,,,,,,,,,,,,
,,,,,,,,,,,,
,,,,,,,,,,,,
,,,,,,,,,,,,
,,,,,,,,,,,,
,,,,,,,,,,,,
,,,,,,,,,,,,
,,,,,,,,,,,,
,,,,,,,,,,,,
,,,,,,,,,,,,
,,,,,,,,,,,,
,,,,,,,,,,,,
,,,,,,,,,,,,
,,,,,,,,,,,,
,,,,,,,,,,,,
,,,,,,,,,,,,
,,,,,,,,,,,,
,,,,,,,,,,,,
,,,,,,,,,,,,
,,,,,,,,,,,,
,,,,,,,,,,,,
,,,,,,,,,,,,
,,,,,,,,,,,,
,,,,,,,,,,,,
,,,,,,,,,,,,
,,,,,,,,,,,,
,,,,,,,,,,,,
,,,,,,,,,,,,
,,,,,,,,,,,,
,,,,,,,,,,,,
,,,,,,,,,,,,
,,,,,,,,,,,,
,,,,,,,,,,,,
,,,,,,,,,,,,
,,,,,,,,,,,,
,,,,,,,,,,,,
,,,,,,,,,,,,
,,,,,,,,,,,,
,,,,,,,,,,,,
,,,,,,,,,,,,
,,,,,,,,,,,,
,,,,,,,,,,,,
,,,,,,,,,,,,
,,,,,,,,,,,,
,,,,,,,,,,,,
,,,,,,,,,,,,
,,,,,,,,,,,,
,,,,,,,,,,,,
,,,,,,,,,,,,
,,,,,,,,,,,,
,,,,,,,,,,,,
,,,,,,,,,,,,
,,,,,,,,,,,,
,,,,,,,,,,,,
,,,,,,,,,,,,
,,,,,,,,,,,,
,,,,,,,,,,,,
,,,,,,,,,,,,
,,,,,,,,,,,,
,,,,,,,,,,,,
,,,,,,,,,,,,
,,,,,,,,,,,,
,,,,,,,,,,,,
,,,,,,,,,,,,
,,,,,,,,,,,,
,,,,,,,,,,,,
,,,,,,,,,,,,
,,,,,,,,,,,,
,,,,,,,,,,,,
,,,,,,,,,,,,
,,,,,,,,,,,,
,,,,,,,,,,,,
,,,,,,,,,,,,
,,,,,,,,,,,,
,,,,,,,,,,,,
,,,,,,,,,,,,
,,,,,,,,,,,,
,,,,,,,,,,,,
,,,,,,,,,,,,
horse,,,,,,,,,,,,
,horse,,,,,,,,,,,
,Equus caballus,,,,,,,,,,,
,racehorse,,,,,,,,,,,
,race horse,,,,,,,,,,,
,bangtail,,,,,,,,,,,
,twoyearold horse,,,,,,,,,,,
,two year old,,,,,,,,,,,
,nonstarter,,,,,,,,,,,
,dark horse,,,,,,,,,,,
,thoroughbred,,,,,,,,,,,
,pony,,,,,,,,,,,
,threeyearold horse,,,,,,,,,,,
,three year old,,,,,,,,,,,
,pacer,,,,,,,,,,,
,pacemaker,,,,,,,,,,,
,pacesetter,,,,,,,,,,,
,yearling,,,,,,,,,,,
,mudder,,,,,,,,,,,
,trotting horse,,,,,,,,,,,
,trotter,,,,,,,,,,,
,pole horse,,,,,,,,,,,
,eohippus,,,,,,,,,,,
,dawn horse,,,,,,,,,,,
,sorrel,,,,,,,,,,,
,stalkinghorse,,,,,,,,,,,
,protohippus,,,,,,,,,,,
,pinto,,,,,,,,,,,
,hack,,,,,,,,,,,
,jade,,,,,,,,,,,
,nag,,,,,,,,,,,
,plug,,,,,,,,,,,
,pony,,,,,,,,,,,
,cayuse,,,,,,,,,,,
,Indian pony,,,,,,,,,,,
,mustang,,,,,,,,,,,
,bronco,,,,,,,,,,,
,bronc,,,,,,,,,,,
,broncho,,,,,,,,,,,
,wild horse,,,,,,,,,,,
,Przewalski's horse,,,,,,,,,,,
,Przevalski's horse,,,,,,,,,,,
,Equus caballus przewalskii,,,,,,,,,,,
,Equus caballus przevalskii,,,,,,,,,,,
,tarpan,,,,,,,,,,,
,Equus caballus gomelini,,,,,,,,,,,
,warrigal,,,,,,,,,,,
,warragal,,,,,,,,,,,
,workhorse,,,,,,,,,,,
,draft horse,,,,,,,,,,,
,draught horse,,,,,,,,,,,
,dray horse,,,,,,,,,,,
,carthorse,,,,,,,,,,,
,cart horse,,,,,,,,,,,
,drayhorse,,,,,,,,,,,
,wheel horse,,,,,,,,,,,
,wheeler,,,,,,,,,,,
,pole horse,,,,,,,,,,,
,poler,,,,,,,,,,,
,shire,,,,,,,,,,,
,shire horse,,,,,,,,,,,
,coach horse,,,,,,,,,,,
,Clydesdale,,,,,,,,,,,
,Percheron,,,,,,,,,,,
,packhorse,,,,,,,,,,,
,plow horse,,,,,,,,,,,
,plough horse,,,,,,,,,,,
,farm horse,,,,,,,,,,,
,dobbin,,,,,,,,,,,
,hack,,,,,,,,,,,
,roan,,,,,,,,,,,
,bay,,,,,,,,,,,
,stepper,,,,,,,,,,,
,high stepper,,,,,,,,,,,
,male horse,,,,,,,,,,,
,stallion,,,,,,,,,,,
,entire,,,,,,,,,,,
,stud,,,,,,,,,,,
,studhorse,,,,,,,,,,,
,gelding,,,,,,,,,,,
,pacer,,,,,,,,,,,
,polo pony,,,,,,,,,,,
,liver chestnut,,,,,,,,,,,
,harness horse,,,,,,,,,,,
,hackney,,,,,,,,,,,
,cob,,,,,,,,,,,
,pony,,,,,,,,,,,
,Exmoor,,,,,,,,,,,
,Welsh pony,,,,,,,,,,,
,Shetland pony,,,,,,,,,,,
,mare,,,,,,,,,,,
,female horse,,,,,,,,,,,
,broodmare,,,,,,,,,,,
,stud mare,,,,,,,,,,,
,palomino,,,,,,,,,,,
,post horse,,,,,,,,,,,
,posthorse,,,,,,,,,,,
,poster,,,,,,,,,,,
,geegee,,,,,,,,,,,
,saddle horse,,,,,,,,,,,
,riding horse,,,,,,,,,,,
,mount,,,,,,,,,,,
,Tennessee walker,,,,,,,,,,,
,Tennessee walking horse,,,,,,,,,,,
,Walking horse,,,,,,,,,,,
,Plantation walking horse,,,,,,,,,,,
,grey,,,,,,,,,,,
,gray,,,,,,,,,,,
,prancer,,,,,,,,,,,
,Arabian,,,,,,,,,,,
,Arab,,,,,,,,,,,
,cow pony,,,,,,,,,,,
,Appaloosa,,,,,,,,,,,
,American saddle horse,,,,,,,,,,,
,warhorse,,,,,,,,,,,
,charger,,,,,,,,,,,
,courser,,,,,,,,,,,
,steed,,,,,,,,,,,
,cavalry horse,,,,,,,,,,,
,palfrey,,,,,,,,,,,
,hack,,,,,,,,,,,
,buckskin,,,,,,,,,,,
,Lippizan,,,,,,,,,,,
,Lipizzan,,,,,,,,,,,
,Lippizaner,,,,,,,,,,,
,crowbait,,,,,,,,,,,
,crowbait,,,,,,,,,,,
,quarter horse,,,,,,,,,,,
,dun,,,,,,,,,,,
,Morgan,,,,,,,,,,,
,remount,,,,,,,,,,,
,chestnut,,,,,,,,,,,
,mesohippus,,,,,,,,,,,
,stablemate,,,,,,,,,,,
,stable companion,,,,,,,,,,,
,steeplechaser,,,,,,,,,,,
ship,,,,,,,,,,,,
,,,,,,,,,,,,
,,,,,,,,,,,,
,,,,,,,,,,,,
,,,,,,,,,,,,
,,,,,,,,,,,,
,,,,,,,,,,,,
,,,,,,,,,,,,
,,,,,,,,,,,,
,,,,,,,,,,,,
,,,,,,,,,,,,
,,,,,,,,,,,,
,,,,,,,,,,,,
,,,,,,,,,,,,
,,,,,,,,,,,,
,,,,,,,,,,,,
,,,,,,,,,,,,
,,,,,,,,,,,,
,,,,,,,,,,,,
,,,,,,,,,,,,
,,,,,,,,,,,,
,,,,,,,,,,,,
,,,,,,,,,,,,
,,,,,,,,,,,,
,,,,,,,,,,,,
,,,,,,,,,,,,
,,,,,,,,,,,,
,,,,,,,,,,,,
,,,,,,,,,,,,
,,,,,,,,,,,,
,,,,,,,,,,,,
,,,,,,,,,,,,
,,,,,,,,,,,,
,,,,,,,,,,,,
,,,,,,,,,,,,
,,,,,,,,,,,,
,,,,,,,,,,,,
,,,,,,,,,,,,
,,,,,,,,,,,,
,,,,,,,,,,,,
,,,,,,,,,,,,
,,,,,,,,,,,,
,,,,,,,,,,,,
,,,,,,,,,,,,
,,,,,,,,,,,,
,,,,,,,,,,,,
,,,,,,,,,,,,
,,,,,,,,,,,,
,,,,,,,,,,,,
,,,,,,,,,,,,
,,,,,,,,,,,,
,,,,,,,,,,,,
,,,,,,,,,,,,
,,,,,,,,,,,,
,,,,,,,,,,,,
,,,,,,,,,,,,
,,,,,,,,,,,,
,,,,,,,,,,,,
,,,,,,,,,,,,
,,,,,,,,,,,,
,,,,,,,,,,,,
,,,,,,,,,,,,
,,,,,,,,,,,,
,,,,,,,,,,,,
,,,,,,,,,,,,
,,,,,,,,,,,,
,,,,,,,,,,,,
,,,,,,,,,,,,
,,,,,,,,,,,,
,,,,,,,,,,,,
,,,,,,,,,,,,
,,,,,,,,,,,,
,,,,,,,,,,,,
,,,,,,,,,,,,
,,,,,,,,,,,,
,,,,,,,,,,,,
,,,,,,,,,,,,
,,,,,,,,,,,,
,,,,,,,,,,,,
,,,,,,,,,,,,
,,,,,,,,,,,,
,,,,,,,,,,,,
,,,,,,,,,,,,
,,,,,,,,,,,,
,,,,,,,,,,,,
,,,,,,,,,,,,
,,,,,,,,,,,,
,,,,,,,,,,,,
,,,,,,,,,,,,
,,,,,,,,,,,,
,,,,,,,,,,,,
,,,,,,,,,,,,
,,,,,,,,,,,,
,,,,,,,,,,,,
,,,,,,,,,,,,
,,,,,,,,,,,,
,,,,,,,,,,,,
,,,,,,,,,,,,
,,,,,,,,,,,,
,,,,,,,,,,,,
truck,,,,,,,,,,,,
